trip_id,driver_id,date,start_time,end_time,duration_min,distance_km,fare,surge_multiplier,pickup_location,dropoff_location,trip_status,target_earnings,target_hours,flag_count,stress_score,trip_quality_rating,trip_hour,duration_hours,hour_sin,hour_cos,trip_speed,fare_per_km,fare_per_min,current_velocity,target_velocity,pace_delta,is_on_track,remaining_hours,required_velocity,velocity_delta,earnings_last_hour,trips_last_hour,avg_fare_per_trip,earnings_trend,trip_rate_trend,goal_on_track
TRIP001,DRV107,2024-02-06,2026-03-10 06:45:00,2026-03-10 07:03:00,18,8.2,145,1.0,Andheri West,BKC,completed,1172.0,8.3,5.0,0.5,Risky,6,0.3,1.0,6.123233995736766e-17,27.333333333333332,17.682926829268293,8.055555555555555,340.71,183.0,157.70999999999998,True,8.0,128.375,212.33499999999998,145,1,145,0,0,1
TRIP002,DRV188,2024-02-06,2026-03-10 07:15:00,2026-03-10 07:38:00,23,12.4,220,1.2,BKC,Lower Parel,completed,1178.0,6.5,17.0,1.0,Poor,7,0.38333333333333336,0.9659258262890683,-0.25881904510252063,32.34782608695652,17.741935483870968,9.565217391304348,195.79,204.0,-8.210000000000008,False,6.116666666666666,156.62125340599457,39.16874659400543,220,1,220,0,0,1
TRIP003,DRV003,2024-02-06,2026-03-10 07:52:00,2026-03-10 08:15:00,23,9.8,175,1.0,Worli,Bandra,completed,1750.0,10.0,8.0,0.8,Poor,7,0.38333333333333336,0.9659258262890683,-0.25881904510252063,25.565217391304348,17.857142857142854,7.608695652173913,,,0.0,False,9.616666666666667,163.7781629116118,,175,1,175,0,0,0
TRIP003,DRV003,2024-02-06,2026-03-10 07:52:00,2026-03-10 08:15:00,23,9.8,175,1.0,Worli,Bandra,completed,1750.0,10.0,8.0,0.8,Poor,7,0.38333333333333336,0.9659258262890683,-0.25881904510252063,25.565217391304348,17.857142857142854,7.608695652173913,,,0.0,False,9.616666666666667,163.7781629116118,,175,1,175,0,0,0
TRIP003,DRV003,2024-02-06,2026-03-10 07:52:00,2026-03-10 08:15:00,23,9.8,175,1.0,Worli,Bandra,completed,1635.0,8.6,8.0,0.8,Poor,7,0.38333333333333336,0.9659258262890683,-0.25881904510252063,25.565217391304348,17.857142857142854,7.608695652173913,,,0.0,False,8.216666666666667,177.68762677484787,,175,1,175,0,0,0
TRIP003,DRV003,2024-02-06,2026-03-10 07:52:00,2026-03-10 08:15:00,23,9.8,175,1.0,Worli,Bandra,completed,1635.0,8.6,8.0,0.8,Poor,7,0.38333333333333336,0.9659258262890683,-0.25881904510252063,25.565217391304348,17.857142857142854,7.608695652173913,,,0.0,False,8.216666666666667,177.68762677484787,,175,1,175,0,0,0
TRIP004,DRV210,2024-02-06,2026-03-10 08:28:00,2026-03-10 08:52:00,24,11.2,198,1.0,Bandra,Powai,completed,2000.0,8.0,6.0,0.6,Poor,8,0.4,0.8660254037844387,-0.4999999999999998,27.999999999999996,17.67857142857143,8.25,,,0.0,False,7.6,237.10526315789474,,198,1,198,0,0,0
TRIP005,DRV206,2024-02-06,2026-03-10 09:15:00,2026-03-10 09:42:00,27,14.5,258,1.3,Powai,Goregaon,completed,2000.0,8.0,8.0,0.8,Poor,9,0.45,0.7071067811865476,-0.7071067811865475,32.22222222222222,17.79310344827586,9.555555555555555,,,0.0,False,7.55,230.72847682119206,,258,1,258,0,0,0
TRIP006,DRV077,2024-02-06,2026-03-10 10:05:00,2026-03-10 10:28:00,23,10.1,182,1.0,Goregaon,Andheri,completed,1527.0,6.6,8.0,0.8,Poor,10,0.38333333333333336,0.49999999999999994,-0.8660254037844387,26.34782608695652,18.01980198019802,7.913043478260869,217.6,196.0,21.599999999999994,True,6.216666666666666,216.35388739946384,1.2461126005361507,182,1,182,0,0,1
TRIP007,DRV095,2024-02-06,2026-03-10 10:48:00,2026-03-10 11:15:00,27,13.8,245,1.0,Andheri,Malad,completed,1248.0,8.1,1.0,0.1,Good,10,0.45,0.49999999999999994,-0.8660254037844387,30.666666666666668,17.753623188405797,9.074074074074074,189.2,157.14,32.06,True,7.6499999999999995,131.11111111111111,58.088888888888874,245,1,245,0,0,1
TRIP008,DRV050,2024-02-06,2026-03-10 17:30:00,2026-03-10 17:58:00,28,15.2,312,1.5,Whitefield,Indiranagar,completed,1612.0,6.6,4.0,0.4,Risky,17,0.4666666666666667,-0.9659258262890683,-0.25881904510252063,32.57142857142857,20.526315789473685,11.142857142857142,221.99,173.0,48.99000000000001,True,6.133333333333333,211.95652173913044,10.033478260869572,312,1,312,0,0,1
TRIP009,DRV070,2024-02-06,2026-03-10 18:15:00,2026-03-10 18:42:00,27,12.8,268,1.4,Indiranagar,Koramangala,completed,1192.0,6.9,4.0,0.4,Risky,18,0.45,-1.0,-1.8369701987210297e-16,28.444444444444446,20.9375,9.925925925925926,169.77,193.0,-23.22999999999999,False,6.45,143.25581395348837,26.51418604651164,268,1,268,0,0,1
TRIP010,DRV145,2024-02-06,2026-03-10 19:05:00,2026-03-10 19:35:00,30,16.5,345,1.6,Koramangala,Electronic City,completed,1684.0,9.0,24.0,1.0,Poor,19,0.5,-0.9659258262890684,0.2588190451025203,33.0,20.90909090909091,11.5,264.81,199.0,65.81,True,8.5,157.52941176470588,107.28058823529412,345,1,345,0,0,1
TRIP011,DRV112,2024-02-06,2026-03-10 08:00:00,2026-03-10 08:32:00,32,18.7,385,1.2,Dwarka,Connaught Place,completed,1396.0,8.6,4.0,0.4,Risky,8,0.5333333333333333,0.8660254037844387,-0.4999999999999998,35.0625,20.58823529411765,12.03125,,,0.0,False,8.066666666666666,125.3305785123967,,385,1,385,0,0,0
TRIP012,DRV042,2024-02-06,2026-03-10 08:50:00,2026-03-10 09:18:00,28,14.2,295,1.0,CP,Gurgaon Cyber City,completed,1298.0,7.3,6.0,0.6,Poor,8,0.4666666666666667,0.8660254037844387,-0.4999999999999998,30.428571428571427,20.774647887323944,10.535714285714286,209.06,205.0,4.060000000000002,True,6.833333333333333,146.78048780487805,62.27951219512195,295,1,295,0,0,1
TRIP013,DRV096,2024-02-06,2026-03-10 09:45:00,2026-03-10 10:22:00,37,22.5,468,1.3,Cyber City,South Delhi,completed,1199.0,9.7,8.0,0.8,Poor,9,0.6166666666666667,0.7071067811865476,-0.7071067811865475,36.486486486486484,20.8,12.64864864864865,271.05,175.0,96.05000000000001,True,9.083333333333332,80.4770642201835,190.57293577981653,468,1,468,0,0,1
TRIP014,DRV032,2024-02-06,2026-03-10 06:30:00,2026-03-10 06:52:00,22,9.5,168,1.0,Kharadi,Viman Nagar,completed,1281.0,9.9,7.0,0.7,Poor,6,0.36666666666666664,1.0,6.123233995736766e-17,25.90909090909091,17.68421052631579,7.636363636363637,26.23,197.0,-170.77,False,9.533333333333333,116.74825174825175,-90.51825174825174,168,1,168,0,0,0
TRIP015,DRV111,2024-02-06,2026-03-10 07:10:00,2026-03-10 07:38:00,28,13.2,235,1.0,Viman Nagar,Hinjewadi,completed,1747.0,10.0,7.0,0.7,Poor,7,0.4666666666666667,0.9659258262890683,-0.25881904510252063,28.285714285714285,17.803030303030305,8.392857142857142,,,0.0,False,9.533333333333333,158.6013986013986,,235,1,235,0,0,0
TRIP016,DRV067,2024-02-06,2026-03-10 14:00:00,2026-03-10 14:28:00,28,12.8,228,1.0,Banjara Hills,Hitec City,completed,1680.0,9.1,6.0,0.6,Poor,14,0.4666666666666667,-0.4999999999999997,-0.8660254037844388,27.42857142857143,17.8125,8.142857142857142,1801.79,181.0,1620.79,True,8.633333333333333,168.1853281853282,1633.6046718146717,228,1,228,0,0,1
TRIP017,DRV144,2024-02-06,2026-03-10 14:52:00,2026-03-10 15:25:00,33,16.2,318,1.2,Hitec City,Secunderabad,completed,1344.0,8.6,7.0,0.7,Poor,14,0.55,-0.4999999999999997,-0.8660254037844388,29.45454545454545,19.62962962962963,9.636363636363637,171.27,205.0,-33.72999999999999,False,8.049999999999999,127.45341614906835,43.816583850931664,318,1,318,0,0,1
TRIP018,DRV161,2024-02-06,2026-03-10 18:00:00,2026-03-10 18:32:00,32,14.5,298,1.4,Colaba,Andheri,completed,1566.0,9.8,5.0,0.5,Risky,18,0.5333333333333333,-1.0,-1.8369701987210297e-16,27.1875,20.551724137931036,9.3125,232.35,189.0,43.349999999999994,True,9.266666666666667,136.83453237410072,95.51546762589928,298,1,298,0,0,1
TRIP019,DRV045,2024-02-06,2026-03-10 19:05:00,2026-03-10 19:38:00,33,15.8,335,1.5,Andheri,BKC,completed,1313.0,8.3,2.0,0.2,Good,19,0.55,-0.9659258262890684,0.2588190451025203,28.727272727272727,21.202531645569618,10.151515151515152,1169.13,171.0,998.1300000000001,True,7.750000000000001,126.19354838709675,1042.9364516129033,335,1,335,0,0,1
TRIP020,DRV157,2024-02-06,2026-03-10 07:00:00,2026-03-10 07:28:00,28,13.2,245,1.0,HSR Layout,Whitefield,completed,1530.0,7.8,3.0,0.3,Risky,7,0.4666666666666667,0.9659258262890683,-0.25881904510252063,28.285714285714285,18.560606060606062,8.75,317.22,200.0,117.22000000000003,True,7.333333333333333,175.22727272727275,141.99272727272728,245,1,245,0,0,1
TRIP021,DRV142,2024-02-06,2026-03-10 15:27:00,2026-03-10 15:59:00,32,13.5,156,1.1,Secunderabad,Jayanagar,completed,1616.0,6.1,5.0,0.5,Risky,15,0.5333333333333333,-0.7071067811865471,-0.7071067811865479,25.3125,11.555555555555555,4.875,459.52,180.0,279.52,True,5.566666666666666,262.2754491017964,197.24455089820356,156,1,156,0,0,1
TRIP022,DRV048,2024-02-06,2026-03-10 16:34:00,2026-03-10 16:01:00,27,18.6,224,1.3,Bandra,Indiranagar,completed,1188.0,8.0,9.0,0.9,Poor,16,0.45,-0.8660254037844385,-0.5000000000000004,41.333333333333336,12.043010752688172,8.296296296296296,,,0.0,False,7.55,127.68211920529802,,224,1,224,0,0,0
TRIP023,DRV091,2024-02-06,2026-03-10 17:41:00,2026-03-10 17:11:00,30,13.8,196,1.3,South Delhi,Secunderabad,completed,1133.0,7.4,7.0,0.7,Poor,17,0.5,-0.9659258262890683,-0.25881904510252063,27.6,14.202898550724637,6.533333333333333,63.83,175.0,-111.17,False,6.9,135.79710144927535,-71.96710144927535,196,1,196,0,0,0
TRIP024,DRV189,2024-02-06,2026-03-10 06:48:00,2026-03-10 06:23:00,35,16.2,432,1.3,Viman Nagar,Powai,completed,1242.0,9.3,6.0,0.6,Poor,6,0.5833333333333334,1.0,6.123233995736766e-17,27.77142857142857,26.666666666666668,12.342857142857143,255.04,177.0,78.03999999999999,True,8.716666666666667,92.92543021032505,162.11456978967493,432,1,432,0,0,1
TRIP025,DRV188,2024-02-06,2026-03-10 07:55:00,2026-03-10 07:29:00,34,8.7,274,1.3,Dwarka,Banjara Hills,completed,1178.0,6.5,4.0,0.4,Risky,7,0.5666666666666667,0.9659258262890683,-0.25881904510252063,15.352941176470587,31.49425287356322,8.058823529411764,195.79,204.0,-8.210000000000008,False,5.933333333333334,152.35955056179776,43.43044943820223,274,1,274,0,0,1
TRIP026,DRV024,2024-02-06,2026-03-10 08:02:00,2026-03-10 08:31:00,29,17.2,285,1.2,Andheri West,Hinjewadi,completed,1487.0,8.2,8.0,0.8,Poor,8,0.48333333333333334,0.8660254037844387,-0.4999999999999998,35.58620689655172,16.569767441860467,9.827586206896552,674.93,186.0,488.92999999999995,True,7.716666666666666,155.76673866090715,519.1632613390927,285,1,285,0,0,1
TRIP027,DRV136,2024-02-06,2026-03-10 09:09:00,2026-03-10 09:28:00,19,9.5,327,1.2,HSR Layout,Hinjewadi,completed,1239.0,7.8,8.0,0.8,Poor,9,0.31666666666666665,0.7071067811865476,-0.7071067811865475,30.0,34.421052631578945,17.210526315789473,793.12,179.0,614.12,True,7.483333333333333,121.87082405345211,671.2491759465479,327,1,327,0,0,1
TRIP028,DRV189,2024-02-06,2026-03-10 10:16:00,2026-03-10 10:34:00,18,17.2,314,1.2,Connaught Place,Electronic City,completed,1242.0,9.3,6.0,0.6,Poor,10,0.3,0.49999999999999994,-0.8660254037844387,57.333333333333336,18.255813953488374,17.444444444444443,255.04,177.0,78.03999999999999,True,9.0,103.11111111111111,151.92888888888888,314,1,314,0,0,1
TRIP029,DRV106,2024-02-06,2026-03-10 11:23:00,2026-03-10 11:52:00,29,12.9,168,1.4,Malad,Hitec City,completed,1323.0,8.5,5.0,0.5,Risky,11,0.48333333333333334,0.258819045102521,-0.9659258262890682,26.689655172413794,13.023255813953488,5.793103448275862,,,0.0,False,8.016666666666667,144.07484407484407,,168,1,168,0,0,0
TRIP030,DRV150,2024-02-06,2026-03-10 12:30:00,2026-03-10 12:57:00,27,15.1,173,1.5,Worli,Koramangala,completed,1168.0,8.2,6.0,0.6,Poor,12,0.45,1.2246467991473532e-16,-1.0,33.55555555555556,11.456953642384105,6.407407407407407,,,0.0,False,7.749999999999999,128.38709677419357,,173,1,173,0,0,0
TRIP031,DRV130,2024-02-06,2026-03-10 13:37:00,2026-03-10 13:00:00,23,8.2,306,1.0,Secunderabad,Connaught Place,completed,1585.0,8.0,0.0,0.0,Excellent,13,0.38333333333333336,-0.2588190451025208,-0.9659258262890683,21.391304347826082,37.31707317073171,13.304347826086957,386.91,184.0,202.91000000000003,True,7.616666666666666,167.92122538293216,218.98877461706786,306,1,306,0,0,1
TRIP032,DRV043,2024-02-06,2026-03-10 14:44:00,2026-03-10 14:20:00,36,14.2,355,1.2,Colaba,South Delhi,completed,1593.0,6.6,0.0,0.0,Excellent,14,0.6,-0.4999999999999997,-0.8660254037844388,23.666666666666668,25.0,9.86111111111111,,,0.0,False,6.0,206.33333333333334,,355,1,355,0,0,0
TRIP033,DRV038,2024-02-06,2026-03-10 15:51:00,2026-03-10 15:27:00,36,8.3,302,1.2,Dwarka,Koramangala,completed,1298.0,6.0,0.0,0.0,Excellent,15,0.6,-0.7071067811865471,-0.7071067811865479,13.833333333333336,36.3855421686747,8.38888888888889,,,0.0,False,5.4,184.44444444444443,,302,1,302,0,0,0
TRIP034,DRV053,2024-02-06,2026-03-10 16:58:00,2026-03-10 16:34:00,36,9.2,390,1.1,Secunderabad,Goregaon,completed,1441.0,7.9,0.0,0.0,Excellent,16,0.6,-0.8660254037844385,-0.5000000000000004,15.333333333333332,42.39130434782609,10.833333333333334,318.99,175.0,143.99,True,7.300000000000001,143.972602739726,175.017397260274,390,1,390,0,0,1
TRIP035,DRV185,2024-02-06,2026-03-10 17:05:00,2026-03-10 17:33:00,28,14.0,313,1.1,Indiranagar,Electronic City,completed,1198.0,8.1,0.0,0.0,Excellent,17,0.4666666666666667,-0.9659258262890683,-0.25881904510252063,30.0,22.357142857142858,11.178571428571429,,,0.0,False,7.633333333333333,115.93886462882097,,313,1,313,0,0,0
TRIP036,DRV020,2024-02-06,2026-03-10 06:12:00,2026-03-10 06:43:00,31,10.4,178,1.5,Viman Nagar,Goregaon,completed,1574.0,9.3,0.0,0.0,Excellent,6,0.5166666666666667,1.0,6.123233995736766e-17,20.129032258064516,17.115384615384613,5.741935483870968,420.26,202.0,218.26,True,8.783333333333333,158.93738140417457,261.3226185958254,178,1,178,0,0,1
TRIP037,DRV049,2024-02-06,2026-03-10 07:19:00,2026-03-10 07:46:00,27,11.2,292,1.6,Dwarka,Marathahalli,completed,1214.0,7.5,0.0,0.0,Excellent,7,0.45,0.9659258262890683,-0.25881904510252063,24.888888888888886,26.071428571428573,10.814814814814815,511.08,198.0,313.08,True,7.05,130.78014184397165,380.29985815602834,292,1,292,0,0,1
TRIP038,DRV088,2024-02-06,2026-03-10 08:26:00,2026-03-10 08:51:00,25,15.5,187,1.4,Hinjewadi,Worli,completed,1229.0,8.0,0.0,0.0,Excellent,8,0.4166666666666667,0.8660254037844387,-0.4999999999999998,37.199999999999996,12.064516129032258,7.48,1624.71,198.0,1426.71,True,7.583333333333333,137.4065934065934,1487.3034065934066,187,1,187,0,0,1
TRIP039,DRV083,2024-02-06,2026-03-10 09:33:00,2026-03-10 09:09:00,36,12.0,174,1.3,Kharadi,South Delhi,completed,1180.0,8.1,0.0,0.0,Excellent,9,0.6,0.7071067811865476,-0.7071067811865475,20.0,14.5,4.833333333333333,,,0.0,False,7.5,134.13333333333333,,174,1,174,0,0,0
TRIP040,DRV007,2024-02-06,2026-03-10 10:40:00,2026-03-10 10:11:00,31,10.5,179,1.4,Indiranagar,Kharadi,completed,1200.0,7.0,0.0,0.0,Excellent,10,0.5166666666666667,0.49999999999999994,-0.8660254037844387,20.32258064516129,17.047619047619047,5.774193548387097,298.13,173.0,125.13,True,6.483333333333333,157.48071979434448,140.64928020565551,179,1,179,0,0,1
TRIP040,DRV007,2024-02-06,2026-03-10 10:40:00,2026-03-10 10:11:00,31,10.5,179,1.4,Indiranagar,Kharadi,completed,1200.0,7.0,0.0,0.0,Excellent,10,0.5166666666666667,0.49999999999999994,-0.8660254037844387,20.32258064516129,17.047619047619047,5.774193548387097,298.13,173.0,125.13,True,6.483333333333333,157.48071979434448,140.64928020565551,179,1,179,0,0,1
TRIP040,DRV007,2024-02-06,2026-03-10 10:40:00,2026-03-10 10:11:00,31,10.5,179,1.4,Indiranagar,Kharadi,completed,1609.0,6.9,0.0,0.0,Excellent,10,0.5166666666666667,0.49999999999999994,-0.8660254037844387,20.32258064516129,17.047619047619047,5.774193548387097,298.13,173.0,125.13,True,6.383333333333334,224.0208877284595,74.10911227154048,179,1,179,0,0,1
TRIP040,DRV007,2024-02-06,2026-03-10 10:40:00,2026-03-10 10:11:00,31,10.5,179,1.4,Indiranagar,Kharadi,completed,1609.0,6.9,0.0,0.0,Excellent,10,0.5166666666666667,0.49999999999999994,-0.8660254037844387,20.32258064516129,17.047619047619047,5.774193548387097,298.13,173.0,125.13,True,6.383333333333334,224.0208877284595,74.10911227154048,179,1,179,0,0,1
TRIP041,DRV118,2024-02-06,2026-03-10 11:47:00,2026-03-10 11:14:00,27,13.2,416,1.2,Connaught Place,Dwarka,completed,1146.0,7.0,0.0,0.0,Excellent,11,0.45,0.258819045102521,-0.9659258262890682,29.333333333333332,31.515151515151516,15.407407407407407,208.16,181.0,27.159999999999997,True,6.55,111.45038167938931,96.70961832061069,416,1,416,0,0,1
TRIP042,DRV087,2024-02-06,2026-03-10 12:54:00,2026-03-10 12:20:00,26,15.5,372,1.4,Viman Nagar,Powai,completed,1152.0,8.6,0.0,0.0,Excellent,12,0.43333333333333335,1.2246467991473532e-16,-1.0,35.76923076923077,24.0,14.307692307692308,,,0.0,False,8.166666666666666,95.51020408163266,,372,1,372,0,0,0
TRIP043,DRV007,2024-02-06,2026-03-10 13:01:00,2026-03-10 13:19:00,18,15.5,404,1.5,Hinjewadi,South Delhi,completed,1200.0,7.0,0.0,0.0,Excellent,13,0.3,-0.2588190451025208,-0.9659258262890683,51.66666666666667,26.06451612903226,22.444444444444443,298.13,173.0,125.13,True,6.7,118.80597014925372,179.32402985074629,404,1,404,0,0,1
TRIP043,DRV007,2024-02-06,2026-03-10 13:01:00,2026-03-10 13:19:00,18,15.5,404,1.5,Hinjewadi,South Delhi,completed,1200.0,7.0,0.0,0.0,Excellent,13,0.3,-0.2588190451025208,-0.9659258262890683,51.66666666666667,26.06451612903226,22.444444444444443,298.13,173.0,125.13,True,6.7,118.80597014925372,179.32402985074629,404,1,404,0,0,1
TRIP043,DRV007,2024-02-06,2026-03-10 13:01:00,2026-03-10 13:19:00,18,15.5,404,1.5,Hinjewadi,South Delhi,completed,1609.0,6.9,0.0,0.0,Excellent,13,0.3,-0.2588190451025208,-0.9659258262890683,51.66666666666667,26.06451612903226,22.444444444444443,298.13,173.0,125.13,True,6.6000000000000005,182.57575757575756,115.55424242424243,404,1,404,0,0,1
TRIP043,DRV007,2024-02-06,2026-03-10 13:01:00,2026-03-10 13:19:00,18,15.5,404,1.5,Hinjewadi,South Delhi,completed,1609.0,6.9,0.0,0.0,Excellent,13,0.3,-0.2588190451025208,-0.9659258262890683,51.66666666666667,26.06451612903226,22.444444444444443,298.13,173.0,125.13,True,6.6000000000000005,182.57575757575756,115.55424242424243,404,1,404,0,0,1
TRIP044,DRV131,2024-02-06,2026-03-10 14:08:00,2026-03-10 14:32:00,24,15.9,379,1.2,Hitec City,Viman Nagar,completed,1545.0,7.0,0.0,0.0,Excellent,14,0.4,-0.4999999999999997,-0.8660254037844388,39.75,23.836477987421382,15.791666666666666,,,0.0,False,6.6,176.66666666666669,,379,1,379,0,0,0
TRIP045,DRV177,2024-02-06,2026-03-10 15:15:00,2026-03-10 15:52:00,37,18.2,362,1.6,HSR Layout,Hitec City,completed,1409.0,9.3,0.0,0.0,Excellent,15,0.6166666666666667,-0.7071067811865471,-0.7071067811865479,29.513513513513512,19.89010989010989,9.783783783783784,187.45,205.0,-17.55000000000001,False,8.683333333333334,120.57581573896353,66.87418426103646,362,1,362,0,0,1
TRIP046,DRV191,2024-02-06,2026-03-10 16:22:00,2026-03-10 16:41:00,19,14.3,326,1.3,Malad,Bandra,completed,1179.0,6.1,0.0,0.0,Excellent,16,0.31666666666666665,-0.8660254037844385,-0.5000000000000004,45.15789473684211,22.797202797202797,17.157894736842106,821.43,205.0,616.43,True,5.783333333333333,147.492795389049,673.937204610951,326,1,326,0,0,1
TRIP047,DRV107,2024-02-06,2026-03-10 17:29:00,2026-03-10 17:56:00,27,18.1,350,1.2,CP,Lower Parel,completed,1172.0,8.3,0.0,0.0,Excellent,17,0.45,-0.9659258262890683,-0.25881904510252063,40.22222222222222,19.337016574585633,12.962962962962964,340.71,183.0,157.70999999999998,True,7.8500000000000005,104.71337579617834,235.99662420382163,350,1,350,0,0,1
TRIP048,DRV001,2024-02-06,2026-03-10 06:36:00,2026-03-10 06:14:00,38,10.4,351,1.2,Indiranagar,Hitec City,completed,1400.0,8.0,0.0,0.0,Excellent,6,0.6333333333333333,1.0,6.123233995736766e-17,16.42105263157895,33.75,9.236842105263158,518.09,172.0,346.09000000000003,True,7.366666666666667,142.39819004524887,375.6918099547512,351,1,351,0,0,1
TRIP048,DRV001,2024-02-06,2026-03-10 06:36:00,2026-03-10 06:14:00,38,10.4,351,1.2,Indiranagar,Hitec City,completed,1400.0,8.0,0.0,0.0,Excellent,6,0.6333333333333333,1.0,6.123233995736766e-17,16.42105263157895,33.75,9.236842105263158,518.09,172.0,346.09000000000003,True,7.366666666666667,142.39819004524887,375.6918099547512,351,1,351,0,0,1
TRIP048,DRV001,2024-02-06,2026-03-10 06:36:00,2026-03-10 06:14:00,38,10.4,351,1.2,Indiranagar,Hitec City,completed,1331.0,8.2,0.0,0.0,Excellent,6,0.6333333333333333,1.0,6.123233995736766e-17,16.42105263157895,33.75,9.236842105263158,518.09,172.0,346.09000000000003,True,7.566666666666666,129.51541850220264,388.5745814977974,351,1,351,0,0,1
TRIP048,DRV001,2024-02-06,2026-03-10 06:36:00,2026-03-10 06:14:00,38,10.4,351,1.2,Indiranagar,Hitec City,completed,1331.0,8.2,0.0,0.0,Excellent,6,0.6333333333333333,1.0,6.123233995736766e-17,16.42105263157895,33.75,9.236842105263158,518.09,172.0,346.09000000000003,True,7.566666666666666,129.51541850220264,388.5745814977974,351,1,351,0,0,1
TRIP049,DRV002,2024-02-06,2026-03-10 07:43:00,2026-03-10 07:06:00,23,11.1,447,1.1,Malad,Worli,completed,1200.0,6.0,0.0,0.0,Excellent,7,0.38333333333333336,0.9659258262890683,-0.25881904510252063,28.95652173913043,40.270270270270274,19.434782608695652,,,0.0,False,5.616666666666666,134.0652818991098,,447,1,447,0,0,0
TRIP049,DRV002,2024-02-06,2026-03-10 07:43:00,2026-03-10 07:06:00,23,11.1,447,1.1,Malad,Worli,completed,1200.0,6.0,0.0,0.0,Excellent,7,0.38333333333333336,0.9659258262890683,-0.25881904510252063,28.95652173913043,40.270270270270274,19.434782608695652,,,0.0,False,5.616666666666666,134.0652818991098,,447,1,447,0,0,0
TRIP049,DRV002,2024-02-06,2026-03-10 07:43:00,2026-03-10 07:06:00,23,11.1,447,1.1,Malad,Worli,completed,1795.0,7.5,0.0,0.0,Excellent,7,0.38333333333333336,0.9659258262890683,-0.25881904510252063,28.95652173913043,40.270270270270274,19.434782608695652,,,0.0,False,7.116666666666666,189.4145199063232,,447,1,447,0,0,0
TRIP049,DRV002,2024-02-06,2026-03-10 07:43:00,2026-03-10 07:06:00,23,11.1,447,1.1,Malad,Worli,completed,1795.0,7.5,0.0,0.0,Excellent,7,0.38333333333333336,0.9659258262890683,-0.25881904510252063,28.95652173913043,40.270270270270274,19.434782608695652,,,0.0,False,7.116666666666666,189.4145199063232,,447,1,447,0,0,0
TRIP050,DRV170,2024-02-06,2026-03-10 08:50:00,2026-03-10 08:12:00,22,10.3,265,1.5,Indiranagar,Gurgaon Cyber City,completed,1624.0,7.6,0.0,0.0,Excellent,8,0.36666666666666664,0.8660254037844387,-0.4999999999999998,28.090909090909093,25.728155339805824,12.045454545454545,186.44,204.0,-17.560000000000002,False,7.233333333333333,187.88018433179724,-1.4401843317972407,265,1,265,0,0,1
TRIP051,DRV042,2024-02-06,2026-03-10 09:57:00,2026-03-10 09:30:00,33,14.7,363,1.3,BKC,Goregaon,completed,1298.0,7.3,0.0,0.0,Excellent,9,0.55,0.7071067811865476,-0.7071067811865475,26.727272727272723,24.69387755102041,11.0,209.06,205.0,4.060000000000002,True,6.75,138.5185185185185,70.5414814814815,363,1,363,0,0,1
TRIP052,DRV198,2024-02-06,2026-03-10 10:04:00,2026-03-10 10:27:00,23,11.3,154,1.2,Marathahalli,Whitefield,completed,1285.0,9.3,0.0,0.0,Excellent,10,0.38333333333333336,0.49999999999999994,-0.8660254037844387,29.47826086956522,13.628318584070795,6.695652173913044,,,0.0,False,8.916666666666668,126.84112149532709,,154,1,154,0,0,0
TRIP053,DRV149,2024-02-06,2026-03-10 11:11:00,2026-03-10 11:46:00,35,10.1,161,1.6,South Delhi,Marathahalli,completed,1213.0,7.5,0.0,0.0,Excellent,11,0.5833333333333334,0.258819045102521,-0.9659258262890682,17.314285714285713,15.94059405940594,4.6,1771.7,181.0,1590.7,True,6.916666666666667,152.09638554216866,1619.6036144578313,161,1,161,0,0,1
TRIP054,DRV046,2024-02-06,2026-03-10 12:18:00,2026-03-10 12:36:00,18,8.7,182,1.2,Indiranagar,Lower Parel,completed,1447.0,9.9,0.0,0.0,Excellent,12,0.3,1.2246467991473532e-16,-1.0,29.0,20.919540229885058,10.11111111111111,,,0.0,False,9.6,131.77083333333334,,182,1,182,0,0,0
TRIP055,DRV074,2024-02-06,2026-03-10 13:25:00,2026-03-10 13:56:00,31,18.8,186,1.2,CP,HSR Layout,completed,1154.0,6.0,0.0,0.0,Excellent,13,0.5166666666666667,-0.2588190451025208,-0.9659258262890683,36.387096774193544,9.893617021276595,6.0,,,0.0,False,5.483333333333333,176.53495440729483,,186,1,186,0,0,0
TRIP056,DRV026,2024-02-06,2026-03-10 14:32:00,2026-03-10 14:54:00,22,10.8,432,1.4,Worli,Kharadi,completed,1220.0,9.6,0.0,0.0,Excellent,14,0.36666666666666664,-0.4999999999999997,-0.8660254037844388,29.454545454545457,40.0,19.636363636363637,157.07,184.0,-26.930000000000007,False,9.233333333333333,85.34296028880867,71.72703971119132,432,1,432,0,0,1
TRIP057,DRV168,2024-02-06,2026-03-10 15:39:00,2026-03-10 15:15:00,36,19.4,408,1.2,Lower Parel,Malad,completed,1325.0,7.8,0.0,0.0,Excellent,15,0.6,-0.7071067811865471,-0.7071067811865479,32.333333333333336,21.030927835051546,11.333333333333334,,,0.0,False,7.2,127.36111111111111,,408,1,408,0,0,0
TRIP058,DRV107,2024-02-06,2026-03-10 16:46:00,2026-03-10 16:23:00,37,9.5,300,1.2,Hinjewadi,HSR Layout,completed,1172.0,8.3,0.0,0.0,Excellent,16,0.6166666666666667,-0.8660254037844385,-0.5000000000000004,15.405405405405405,31.57894736842105,8.108108108108109,340.71,183.0,157.70999999999998,True,7.683333333333334,113.49240780911063,227.21759219088935,300,1,300,0,0,1
TRIP059,DRV028,2024-02-06,2026-03-10 17:53:00,2026-03-10 17:23:00,30,17.7,260,1.6,Goregaon,Bandra,completed,1564.0,7.6,0.0,0.0,Excellent,17,0.5,-0.9659258262890683,-0.25881904510252063,35.4,14.689265536723164,8.666666666666666,248.3,175.0,73.30000000000001,True,7.1,183.66197183098592,64.63802816901409,260,1,260,0,0,1
TRIP060,DRV175,2024-02-06,2026-03-10 06:00:00,2026-03-10 06:21:00,21,10.1,280,1.3,Whitefield,Hinjewadi,completed,1484.0,6.4,0.0,0.0,Excellent,6,0.35,1.0,6.123233995736766e-17,28.857142857142858,27.722772277227723,13.333333333333334,295.14,190.0,105.13999999999999,True,6.050000000000001,199.0082644628099,96.13173553719008,280,1,280,0,0,1
TRIP061,DRV148,2024-02-06,2026-03-10 07:07:00,2026-03-10 07:26:00,19,13.9,331,1.4,Worli,Koramangala,completed,1182.0,8.5,0.0,0.0,Excellent,7,0.31666666666666665,0.9659258262890683,-0.25881904510252063,43.89473684210527,23.81294964028777,17.42105263157895,615.38,189.0,426.38,True,8.183333333333334,103.99185336048879,511.3881466395112,331,1,331,0,0,1
TRIP062,DRV047,2024-02-06,2026-03-10 08:14:00,2026-03-10 08:49:00,35,13.1,266,1.6,Marathahalli,Bandra,completed,1219.0,9.5,0.0,0.0,Excellent,8,0.5833333333333334,0.8660254037844387,-0.4999999999999998,22.457142857142856,20.30534351145038,7.6,54.0,184.0,-130.0,False,8.916666666666666,106.87850467289721,-52.87850467289721,266,1,266,0,0,0
TRIP063,DRV189,2024-02-06,2026-03-10 09:21:00,2026-03-10 09:50:00,29,13.7,328,1.5,Andheri West,Hitec City,completed,1242.0,9.3,0.0,0.0,Excellent,9,0.48333333333333334,0.7071067811865476,-0.7071067811865475,28.344827586206893,23.94160583941606,11.310344827586206,255.04,177.0,78.03999999999999,True,8.816666666666668,103.6672967863894,151.37270321361058,328,1,328,0,0,1
TRIP064,DRV097,2024-02-06,2026-03-10 10:28:00,2026-03-10 10:05:00,37,8.4,167,1.4,Marathahalli,Secunderabad,completed,1373.0,9.2,0.0,0.0,Excellent,10,0.6166666666666667,0.49999999999999994,-0.8660254037844387,13.621621621621621,19.88095238095238,4.513513513513513,,,0.0,False,8.583333333333332,140.50485436893206,,167,1,167,0,0,0
TRIP065,DRV060,2024-02-06,2026-03-10 11:35:00,2026-03-10 11:00:00,25,11.0,336,1.2,Colaba,Electronic City,completed,1180.0,9.9,0.0,0.0,Excellent,11,0.4166666666666667,0.258819045102521,-0.9659258262890682,26.4,30.545454545454547,13.44,366.06,198.0,168.06,True,9.483333333333334,88.9982425307557,277.0617574692443,336,1,336,0,0,1
TRIP066,DRV135,2024-02-06,2026-03-10 12:42:00,2026-03-10 12:03:00,21,14.4,261,1.5,Dwarka,Andheri West,completed,1699.0,7.9,0.0,0.0,Excellent,12,0.35,1.2246467991473532e-16,-1.0,41.142857142857146,18.125,12.428571428571429,76.87,175.0,-98.13,False,7.550000000000001,190.46357615894038,-113.59357615894038,261,1,261,0,0,0
TRIP067,DRV153,2024-02-06,2026-03-10 13:49:00,2026-03-10 13:19:00,30,19.1,270,1.2,CP,Jayanagar,completed,1639.0,9.3,0.0,0.0,Excellent,13,0.5,-0.2588190451025208,-0.9659258262890683,38.2,14.136125654450261,9.0,174.04,172.0,2.039999999999992,True,8.8,155.5681818181818,18.47181818181818,270,1,270,0,0,1
TRIP068,DRV182,2024-02-06,2026-03-10 14:56:00,2026-03-10 14:21:00,25,11.6,222,1.5,Hitec City,Koramangala,completed,1427.0,7.8,0.0,0.0,Excellent,14,0.4166666666666667,-0.4999999999999997,-0.8660254037844388,27.839999999999996,19.137931034482758,8.88,321.65,200.0,121.64999999999998,True,7.383333333333333,163.2054176072235,158.44458239277648,222,1,222,0,0,1
TRIP069,DRV085,2024-02-06,2026-03-10 15:03:00,2026-03-10 15:41:00,38,12.9,157,1.2,Lower Parel,CP,completed,1580.0,8.3,0.0,0.0,Excellent,15,0.6333333333333333,-0.7071067811865471,-0.7071067811865479,20.36842105263158,12.170542635658915,4.131578947368421,74.79,189.0,-114.21,False,7.666666666666668,185.60869565217388,-110.81869565217387,157,1,157,0,0,0
TRIP070,DRV207,2024-02-06,2026-03-10 16:10:00,2026-03-10 16:43:00,33,13.7,351,1.6,Koramangala,Colaba,completed,2000.0,8.0,0.0,0.0,Excellent,16,0.55,-0.8660254037844385,-0.5000000000000004,24.909090909090907,25.62043795620438,10.636363636363637,,,0.0,False,7.45,221.34228187919462,,351,1,351,0,0,0
TRIP071,DRV011,2024-02-06,2026-03-10 17:17:00,2026-03-10 17:48:00,31,18.5,191,1.5,Colaba,Whitefield,completed,1540.0,9.5,0.0,0.0,Excellent,17,0.5166666666666667,-0.9659258262890683,-0.25881904510252063,35.806451612903224,10.324324324324325,6.161290322580645,293.13,189.0,104.13,True,8.983333333333333,150.1669758812616,142.9630241187384,191,1,191,0,0,1
TRIP072,DRV060,2024-02-06,2026-03-10 06:24:00,2026-03-10 06:58:00,34,8.8,355,1.4,CP,Viman Nagar,completed,1180.0,9.9,0.0,0.0,Excellent,6,0.5666666666666667,1.0,6.123233995736766e-17,15.529411764705884,40.340909090909086,10.441176470588236,366.06,198.0,168.06,True,9.333333333333334,88.39285714285714,277.66714285714284,355,1,355,0,0,1
TRIP073,DRV031,2024-02-06,2026-03-10 07:31:00,2026-03-10 07:59:00,28,13.4,154,1.5,Hitec City,Powai,completed,1282.0,6.6,0.0,0.0,Excellent,7,0.4666666666666667,0.9659258262890683,-0.25881904510252063,28.714285714285715,11.492537313432836,5.5,126.81,182.0,-55.19,False,6.133333333333333,183.91304347826087,-57.10304347826087,154,1,154,0,0,0
TRIP074,DRV128,2024-02-06,2026-03-10 08:38:00,2026-03-10 08:16:00,38,13.3,209,1.0,Goregaon,Hitec City,completed,1341.0,6.8,0.0,0.0,Excellent,8,0.6333333333333333,0.8660254037844387,-0.4999999999999998,21.000000000000004,15.714285714285714,5.5,211.45,192.0,19.44999999999999,True,6.166666666666666,183.56756756756758,27.88243243243241,209,1,209,0,0,1
TRIP075,DRV056,2024-02-06,2026-03-10 09:45:00,2026-03-10 09:12:00,27,11.8,182,1.1,Malad,Kharadi,completed,1626.0,6.4,0.0,0.0,Excellent,9,0.45,0.7071067811865476,-0.7071067811865475,26.22222222222222,15.423728813559322,6.7407407407407405,48.4,183.0,-134.6,False,5.95,242.6890756302521,-194.28907563025209,182,1,182,0,0,0
TRIP076,DRV189,2024-02-06,2026-03-10 10:52:00,2026-03-10 10:30:00,38,17.2,444,1.4,Marathahalli,Koramangala,completed,1242.0,9.3,0.0,0.0,Excellent,10,0.6333333333333333,0.49999999999999994,-0.8660254037844387,27.157894736842106,25.813953488372093,11.68421052631579,255.04,177.0,78.03999999999999,True,8.666666666666668,92.07692307692307,162.96307692307693,444,1,444,0,0,1
TRIP077,DRV206,2024-02-06,2026-03-10 11:59:00,2026-03-10 11:31:00,32,13.7,208,1.2,Secunderabad,Hinjewadi,completed,2000.0,8.0,0.0,0.0,Excellent,11,0.5333333333333333,0.258819045102521,-0.9659258262890682,25.6875,15.182481751824819,6.5,,,0.0,False,7.466666666666667,240.0,,208,1,208,0,0,0
TRIP078,DRV194,2024-02-06,2026-03-10 12:06:00,2026-03-10 12:34:00,28,17.6,241,1.1,Electronic City,Powai,completed,1129.0,6.4,0.0,0.0,Excellent,12,0.4666666666666667,1.2246467991473532e-16,-1.0,37.714285714285715,13.693181818181817,8.607142857142858,,,0.0,False,5.933333333333334,149.6629213483146,,241,1,241,0,0,0
TRIP079,DRV143,2024-02-06,2026-03-10 13:13:00,2026-03-10 13:43:00,30,18.5,432,1.1,Andheri West,Viman Nagar,completed,1185.0,8.2,0.0,0.0,Excellent,13,0.5,-0.2588190451025208,-0.9659258262890683,37.0,23.35135135135135,14.4,,,0.0,False,7.699999999999999,97.7922077922078,,432,1,432,0,0,0
TRIP080,DRV172,2024-02-06,2026-03-10 14:20:00,2026-03-10 14:58:00,38,15.3,257,1.5,Gurgaon Cyber City,Goregaon,completed,1415.0,9.9,0.0,0.0,Excellent,14,0.6333333333333333,-0.4999999999999997,-0.8660254037844388,24.157894736842106,16.797385620915033,6.7631578947368425,,,0.0,False,9.266666666666667,124.96402877697841,,257,1,257,0,0,0
TRIP081,DRV048,2024-02-06,2026-03-10 15:27:00,2026-03-10 15:53:00,26,16.4,226,1.0,Banjara Hills,Connaught Place,completed,1188.0,8.0,0.0,0.0,Excellent,15,0.43333333333333335,-0.7071067811865471,-0.7071067811865479,37.84615384615384,13.78048780487805,8.692307692307692,,,0.0,False,7.566666666666666,127.13656387665199,,226,1,226,0,0,0
TRIP082,DRV066,2024-02-06,2026-03-10 16:34:00,2026-03-10 16:11:00,37,11.1,185,1.6,Powai,Hinjewadi,completed,1349.0,8.2,0.0,0.0,Excellent,16,0.6166666666666667,-0.8660254037844385,-0.5000000000000004,18.0,16.666666666666668,5.0,,,0.0,False,7.583333333333332,153.49450549450552,,185,1,185,0,0,0
TRIP083,DRV151,2024-02-06,2026-03-10 17:41:00,2026-03-10 17:02:00,21,8.2,409,1.3,Gurgaon Cyber City,CP,completed,1694.0,9.5,0.0,0.0,Excellent,17,0.35,-0.9659258262890683,-0.25881904510252063,23.428571428571427,49.87804878048781,19.476190476190474,484.54,182.0,302.54,True,9.15,140.43715846994536,344.10284153005466,409,1,409,0,0,1
TRIP084,DRV112,2024-02-06,2026-03-10 06:48:00,2026-03-10 06:21:00,33,9.4,244,1.1,CP,Marathahalli,completed,1396.0,8.6,0.0,0.0,Excellent,6,0.55,1.0,6.123233995736766e-17,17.09090909090909,25.95744680851064,7.393939393939394,,,0.0,False,8.049999999999999,143.10559006211182,,244,1,244,0,0,0
TRIP085,DRV133,2024-02-06,2026-03-10 07:55:00,2026-03-10 07:21:00,26,11.5,393,1.2,Connaught Place,Goregaon,completed,1706.0,8.3,0.0,0.0,Excellent,7,0.43333333333333335,0.9659258262890683,-0.25881904510252063,26.538461538461537,34.17391304347826,15.115384615384615,453.65,196.0,257.65,True,7.866666666666667,166.90677966101694,286.74322033898306,393,1,393,0,0,1
TRIP086,DRV034,2024-02-06,2026-03-10 08:02:00,2026-03-10 08:39:00,37,10.6,284,1.4,Goregaon,Connaught Place,completed,1437.0,8.1,0.0,0.0,Excellent,8,0.6166666666666667,0.8660254037844387,-0.4999999999999998,17.18918918918919,26.79245283018868,7.675675675675675,,,0.0,False,7.4833333333333325,154.07572383073497,,284,1,284,0,0,0
TRIP087,DRV011,2024-02-06,2026-03-10 09:09:00,2026-03-10 09:32:00,23,12.9,214,1.0,Whitefield,Malad,completed,1540.0,9.5,0.0,0.0,Excellent,9,0.38333333333333336,0.7071067811865476,-0.7071067811865475,33.65217391304348,16.589147286821706,9.304347826086957,293.13,189.0,104.13,True,9.116666666666667,145.44789762340037,147.68210237659963,214,1,214,0,0,1
TRIP088,DRV043,2024-02-06,2026-03-10 10:16:00,2026-03-10 10:53:00,37,13.4,267,1.2,Secunderabad,Hitec City,completed,1593.0,6.6,0.0,0.0,Excellent,10,0.6166666666666667,0.49999999999999994,-0.8660254037844387,21.72972972972973,19.925373134328357,7.216216216216216,,,0.0,False,5.9833333333333325,221.6155988857939,,267,1,267,0,0,0
TRIP089,DRV078,2024-02-06,2026-03-10 11:23:00,2026-03-10 11:55:00,32,9.0,380,1.1,Koramangala,Colaba,completed,1773.0,7.7,0.0,0.0,Excellent,11,0.5333333333333333,0.258819045102521,-0.9659258262890682,16.875,42.22222222222222,11.875,207.91,190.0,17.909999999999997,True,7.166666666666667,194.37209302325581,13.537906976744182,380,1,380,0,0,1
TRIP090,DRV003,2024-02-06,2026-03-10 12:30:00,2026-03-10 12:00:00,30,16.2,336,1.4,HSR Layout,Banjara Hills,completed,1750.0,10.0,0.0,0.0,Excellent,12,0.5,1.2246467991473532e-16,-1.0,32.4,20.74074074074074,11.2,,,0.0,False,9.5,148.8421052631579,,336,1,336,0,0,0
TRIP090,DRV003,2024-02-06,2026-03-10 12:30:00,2026-03-10 12:00:00,30,16.2,336,1.4,HSR Layout,Banjara Hills,completed,1750.0,10.0,0.0,0.0,Excellent,12,0.5,1.2246467991473532e-16,-1.0,32.4,20.74074074074074,11.2,,,0.0,False,9.5,148.8421052631579,,336,1,336,0,0,0
TRIP090,DRV003,2024-02-06,2026-03-10 12:30:00,2026-03-10 12:00:00,30,16.2,336,1.4,HSR Layout,Banjara Hills,completed,1635.0,8.6,0.0,0.0,Excellent,12,0.5,1.2246467991473532e-16,-1.0,32.4,20.74074074074074,11.2,,,0.0,False,8.1,160.37037037037038,,336,1,336,0,0,0
TRIP090,DRV003,2024-02-06,2026-03-10 12:30:00,2026-03-10 12:00:00,30,16.2,336,1.4,HSR Layout,Banjara Hills,completed,1635.0,8.6,0.0,0.0,Excellent,12,0.5,1.2246467991473532e-16,-1.0,32.4,20.74074074074074,11.2,,,0.0,False,8.1,160.37037037037038,,336,1,336,0,0,0
TRIP091,DRV039,2024-02-06,2026-03-10 13:37:00,2026-03-10 13:03:00,26,8.9,425,1.0,Koramangala,Malad,completed,1524.0,7.7,0.0,0.0,Excellent,13,0.43333333333333335,-0.2588190451025208,-0.9659258262890683,20.53846153846154,47.752808988764045,16.346153846153847,209.31,182.0,27.310000000000002,True,7.266666666666667,151.23853211009174,58.07146788990826,425,1,425,0,0,1
TRIP092,DRV059,2024-02-06,2026-03-10 14:44:00,2026-03-10 14:17:00,33,18.9,450,1.6,Marathahalli,Banjara Hills,completed,1283.0,8.8,0.0,0.0,Excellent,14,0.55,-0.4999999999999997,-0.8660254037844388,34.36363636363636,23.80952380952381,13.636363636363637,,,0.0,False,8.25,100.96969696969697,,450,1,450,0,0,0
TRIP093,DRV090,2024-02-06,2026-03-10 15:51:00,2026-03-10 15:10:00,19,8.1,398,1.4,Indiranagar,Dwarka,completed,1478.0,9.2,0.0,0.0,Excellent,15,0.31666666666666665,-0.7071067811865471,-0.7071067811865479,25.57894736842105,49.135802469135804,20.94736842105263,793.28,174.0,619.28,True,8.883333333333333,121.57598499061915,671.7040150093808,398,1,398,0,0,1
TRIP094,DRV139,2024-02-06,2026-03-10 16:58:00,2026-03-10 16:27:00,29,9.6,426,1.0,Powai,Whitefield,completed,1335.0,6.3,0.0,0.0,Excellent,16,0.48333333333333334,-0.8660254037844385,-0.5000000000000004,19.862068965517242,44.375,14.689655172413794,97.55,189.0,-91.45,False,5.816666666666666,156.27507163323781,-58.72507163323782,426,1,426,0,0,0
TRIP095,DRV088,2024-02-06,2026-03-10 17:05:00,2026-03-10 17:28:00,23,14.0,313,1.5,Bandra,Lower Parel,completed,1229.0,8.0,0.0,0.0,Excellent,17,0.38333333333333336,-0.9659258262890683,-0.25881904510252063,36.52173913043478,22.357142857142858,13.608695652173912,1624.71,198.0,1426.71,True,7.616666666666666,120.26258205689278,1504.4474179431072,313,1,313,0,0,1
TRIP096,DRV041,2024-02-06,2026-03-10 06:12:00,2026-03-10 06:40:00,28,16.5,361,1.1,Worli,Koramangala,completed,1216.0,8.7,0.0,0.0,Excellent,6,0.4666666666666667,1.0,6.123233995736766e-17,35.357142857142854,21.87878787878788,12.892857142857142,445.24,191.0,254.24,True,8.233333333333333,103.84615384615385,341.39384615384614,361,1,361,0,0,1
TRIP097,DRV099,2024-02-06,2026-03-10 07:19:00,2026-03-10 07:38:00,19,19.7,395,1.5,CP,Whitefield,completed,1112.0,7.6,0.0,0.0,Excellent,7,0.31666666666666665,0.9659258262890683,-0.25881904510252063,62.21052631578947,20.050761421319798,20.789473684210527,238.1,182.0,56.099999999999994,True,7.283333333333333,98.44393592677346,139.65606407322653,395,1,395,0,0,1
TRIP098,DRV083,2024-02-06,2026-03-10 08:26:00,2026-03-10 08:55:00,29,19.1,284,1.5,Whitefield,Banjara Hills,completed,1180.0,8.1,0.0,0.0,Excellent,8,0.48333333333333334,0.8660254037844387,-0.4999999999999998,39.51724137931035,14.869109947643977,9.793103448275861,,,0.0,False,7.616666666666666,117.63676148796499,,284,1,284,0,0,0
TRIP099,DRV004,2024-02-06,2026-03-10 09:33:00,2026-03-10 09:59:00,26,14.2,363,1.5,Koramangala,HSR Layout,completed,1100.0,7.0,0.0,0.0,Excellent,9,0.43333333333333335,0.7071067811865476,-0.7071067811865475,32.76923076923077,25.563380281690144,13.961538461538462,938.17,199.0,739.17,True,6.566666666666666,112.23350253807106,825.9364974619289,363,1,363,0,0,1
TRIP099,DRV004,2024-02-06,2026-03-10 09:33:00,2026-03-10 09:59:00,26,14.2,363,1.5,Koramangala,HSR Layout,completed,1100.0,7.0,0.0,0.0,Excellent,9,0.43333333333333335,0.7071067811865476,-0.7071067811865475,32.76923076923077,25.563380281690144,13.961538461538462,938.17,199.0,739.17,True,6.566666666666666,112.23350253807106,825.9364974619289,363,1,363,0,0,1
TRIP099,DRV004,2024-02-06,2026-03-10 09:33:00,2026-03-10 09:59:00,26,14.2,363,1.5,Koramangala,HSR Layout,completed,1166.0,7.5,0.0,0.0,Excellent,9,0.43333333333333335,0.7071067811865476,-0.7071067811865475,32.76923076923077,25.563380281690144,13.961538461538462,938.17,199.0,739.17,True,7.066666666666666,113.63207547169812,824.5379245283018,363,1,363,0,0,1
TRIP099,DRV004,2024-02-06,2026-03-10 09:33:00,2026-03-10 09:59:00,26,14.2,363,1.5,Koramangala,HSR Layout,completed,1166.0,7.5,0.0,0.0,Excellent,9,0.43333333333333335,0.7071067811865476,-0.7071067811865475,32.76923076923077,25.563380281690144,13.961538461538462,938.17,199.0,739.17,True,7.066666666666666,113.63207547169812,824.5379245283018,363,1,363,0,0,1
TRIP100,DRV013,2024-02-06,2026-03-10 10:40:00,2026-03-10 10:13:00,33,17.2,217,1.3,Secunderabad,Hitec City,completed,1297.0,6.9,0.0,0.0,Excellent,10,0.55,0.49999999999999994,-0.8660254037844387,31.27272727272727,12.616279069767442,6.575757575757576,55.12,202.0,-146.88,False,6.3500000000000005,170.0787401574803,-114.95874015748029,217,1,217,0,0,0
TRIP101,DRV016,2024-02-06,2026-03-10 11:47:00,2026-03-10 11:19:00,32,8.6,216,1.0,Powai,BKC,completed,1685.0,8.4,0.0,0.0,Excellent,11,0.5333333333333333,0.258819045102521,-0.9659258262890682,16.125,25.116279069767444,6.75,434.45,177.0,257.45,True,7.866666666666667,186.73728813559322,247.71271186440677,216,1,216,0,0,1
TRIP102,DRV183,2024-02-06,2026-03-10 12:54:00,2026-03-10 12:27:00,33,11.1,379,1.3,South Delhi,BKC,completed,1149.0,7.2,0.0,0.0,Excellent,12,0.55,1.2246467991473532e-16,-1.0,20.18181818181818,34.14414414414414,11.484848484848484,,,0.0,False,6.65,115.78947368421052,,379,1,379,0,0,0
TRIP103,DRV114,2024-02-06,2026-03-10 13:01:00,2026-03-10 13:33:00,32,12.3,427,1.3,South Delhi,Worli,completed,1297.0,6.1,0.0,0.0,Excellent,13,0.5333333333333333,-0.2588190451025208,-0.9659258262890683,23.0625,34.71544715447154,13.34375,340.65,175.0,165.64999999999998,True,5.566666666666666,156.2874251497006,184.36257485029938,427,1,427,0,0,1
TRIP104,DRV021,2024-02-06,2026-03-10 14:08:00,2026-03-10 14:30:00,22,9.5,187,1.1,Indiranagar,Powai,completed,1659.0,6.5,0.0,0.0,Excellent,14,0.36666666666666664,-0.4999999999999997,-0.8660254037844388,25.90909090909091,19.68421052631579,8.5,222.98,171.0,51.97999999999999,True,6.133333333333334,239.99999999999997,-17.019999999999982,187,1,187,0,0,1
TRIP105,DRV100,2024-02-06,2026-03-10 15:15:00,2026-03-10 15:38:00,23,17.0,279,1.3,Secunderabad,Hinjewadi,completed,1357.0,6.8,0.0,0.0,Excellent,15,0.38333333333333336,-0.7071067811865471,-0.7071067811865479,44.347826086956516,16.41176470588235,12.130434782608695,670.82,198.0,472.82000000000005,True,6.416666666666666,168.00000000000003,502.82000000000005,279,1,279,0,0,1
TRIP106,DRV205,2024-02-06,2026-03-10 16:22:00,2026-03-10 16:46:00,24,15.0,142,1.3,Hinjewadi,Powai,completed,2000.0,8.0,0.0,0.0,Excellent,16,0.4,-0.8660254037844385,-0.5000000000000004,37.5,9.466666666666667,5.916666666666667,,,0.0,False,7.6,244.47368421052633,,142,1,142,0,0,0
TRIP107,DRV046,2024-02-06,2026-03-10 17:29:00,2026-03-10 17:00:00,31,19.0,266,1.5,Secunderabad,Worli,completed,1447.0,9.9,0.0,0.0,Excellent,17,0.5166666666666667,-0.9659258262890683,-0.25881904510252063,36.774193548387096,14.0,8.580645161290322,,,0.0,False,9.383333333333333,125.86145648312612,,266,1,266,0,0,0
TRIP108,DRV202,2024-02-06,2026-03-10 06:36:00,2026-03-10 06:04:00,28,8.3,202,1.2,Hinjewadi,Worli,completed,2000.0,8.0,0.0,0.0,Excellent,6,0.4666666666666667,1.0,6.123233995736766e-17,17.78571428571429,24.33734939759036,7.214285714285714,,,0.0,False,7.533333333333333,238.67256637168143,,202,1,202,0,0,0
TRIP109,DRV003,2024-02-06,2026-03-10 07:43:00,2026-03-10 07:11:00,28,9.8,181,1.3,Colaba,Secunderabad,completed,1750.0,10.0,0.0,0.0,Excellent,7,0.4666666666666667,0.9659258262890683,-0.25881904510252063,21.0,18.46938775510204,6.464285714285714,,,0.0,False,9.533333333333333,164.58041958041957,,181,1,181,0,0,0
TRIP109,DRV003,2024-02-06,2026-03-10 07:43:00,2026-03-10 07:11:00,28,9.8,181,1.3,Colaba,Secunderabad,completed,1750.0,10.0,0.0,0.0,Excellent,7,0.4666666666666667,0.9659258262890683,-0.25881904510252063,21.0,18.46938775510204,6.464285714285714,,,0.0,False,9.533333333333333,164.58041958041957,,181,1,181,0,0,0
TRIP109,DRV003,2024-02-06,2026-03-10 07:43:00,2026-03-10 07:11:00,28,9.8,181,1.3,Colaba,Secunderabad,completed,1635.0,8.6,0.0,0.0,Excellent,7,0.4666666666666667,0.9659258262890683,-0.25881904510252063,21.0,18.46938775510204,6.464285714285714,,,0.0,False,8.133333333333333,178.7704918032787,,181,1,181,0,0,0
TRIP109,DRV003,2024-02-06,2026-03-10 07:43:00,2026-03-10 07:11:00,28,9.8,181,1.3,Colaba,Secunderabad,completed,1635.0,8.6,0.0,0.0,Excellent,7,0.4666666666666667,0.9659258262890683,-0.25881904510252063,21.0,18.46938775510204,6.464285714285714,,,0.0,False,8.133333333333333,178.7704918032787,,181,1,181,0,0,0
TRIP110,DRV198,2024-02-06,2026-03-10 08:50:00,2026-03-10 08:23:00,33,13.4,277,1.4,Andheri West,Koramangala,completed,1285.0,9.3,0.0,0.0,Excellent,8,0.55,0.8660254037844387,-0.4999999999999998,24.363636363636363,20.671641791044774,8.393939393939394,,,0.0,False,8.75,115.2,,277,1,277,0,0,0
TRIP111,DRV183,2024-02-06,2026-03-10 09:57:00,2026-03-10 09:16:00,19,15.9,371,1.2,HSR Layout,Marathahalli,completed,1149.0,7.2,0.0,0.0,Excellent,9,0.31666666666666665,0.7071067811865476,-0.7071067811865475,50.21052631578948,23.333333333333332,19.526315789473685,,,0.0,False,6.883333333333334,113.02663438256658,,371,1,371,0,0,0
TRIP112,DRV095,2024-02-06,2026-03-10 10:04:00,2026-03-10 10:40:00,36,9.6,164,1.5,Indiranagar,Koramangala,completed,1248.0,8.1,0.0,0.0,Excellent,10,0.6,0.49999999999999994,-0.8660254037844387,16.0,17.083333333333336,4.555555555555555,189.2,157.14,32.06,True,7.5,144.53333333333333,44.66666666666666,164,1,164,0,0,1
TRIP113,DRV056,2024-02-06,2026-03-10 11:11:00,2026-03-10 11:30:00,19,16.9,420,1.6,Dwarka,Lower Parel,completed,1626.0,6.4,0.0,0.0,Excellent,11,0.31666666666666665,0.258819045102521,-0.9659258262890682,53.368421052631575,24.85207100591716,22.105263157894736,48.4,183.0,-134.6,False,6.083333333333334,198.24657534246575,-149.84657534246574,420,1,420,0,0,0
TRIP114,DRV174,2024-02-06,2026-03-10 12:18:00,2026-03-10 12:48:00,30,11.1,262,1.6,Dwarka,Lower Parel,completed,1247.0,6.8,0.0,0.0,Excellent,12,0.5,1.2246467991473532e-16,-1.0,22.2,23.603603603603606,8.733333333333333,611.25,178.0,433.25,True,6.3,156.34920634920636,454.9007936507936,262,1,262,0,0,1
TRIP115,DRV132,2024-02-06,2026-03-10 13:25:00,2026-03-10 13:43:00,18,18.2,223,1.2,Dwarka,Indiranagar,completed,1650.0,6.7,0.0,0.0,Excellent,13,0.3,-0.2588190451025208,-0.9659258262890683,60.666666666666664,12.252747252747254,12.38888888888889,114.43,190.0,-75.57,False,6.4,222.96875,-108.53875,223,1,223,0,0,0
TRIP116,DRV195,2024-02-06,2026-03-10 14:32:00,2026-03-10 14:10:00,38,17.0,218,1.1,South Delhi,Marathahalli,completed,1612.0,9.1,0.0,0.0,Excellent,14,0.6333333333333333,-0.4999999999999997,-0.8660254037844388,26.842105263157897,12.823529411764707,5.7368421052631575,257.14,175.0,82.13999999999999,True,8.466666666666667,164.64566929133858,92.49433070866141,218,1,218,0,0,1
TRIP117,DRV032,2024-02-06,2026-03-10 15:39:00,2026-03-10 15:10:00,31,16.8,298,1.5,Banjara Hills,Bandra,completed,1281.0,9.9,0.0,0.0,Excellent,15,0.5166666666666667,-0.7071067811865471,-0.7071067811865479,32.516129032258064,17.738095238095237,9.612903225806452,26.23,197.0,-170.77,False,9.383333333333333,104.76021314387212,-78.53021314387212,298,1,298,0,0,0
TRIP118,DRV124,2024-02-06,2026-03-10 16:46:00,2026-03-10 16:15:00,29,16.0,328,1.3,South Delhi,Gurgaon Cyber City,completed,1116.0,9.5,0.0,0.0,Excellent,16,0.48333333333333334,-0.8660254037844385,-0.5000000000000004,33.10344827586207,20.5,11.310344827586206,,,0.0,False,9.016666666666667,87.39371534195932,,328,1,328,0,0,0
TRIP119,DRV160,2024-02-06,2026-03-10 17:53:00,2026-03-10 17:23:00,30,13.7,428,1.4,Lower Parel,Jayanagar,completed,1275.0,9.2,0.0,0.0,Excellent,17,0.5,-0.9659258262890683,-0.25881904510252063,27.4,31.24087591240876,14.266666666666667,949.24,193.0,756.24,True,8.7,97.35632183908046,851.8836781609195,428,1,428,0,0,1
TRIP120,DRV016,2024-02-06,2026-03-10 06:00:00,2026-03-10 06:31:00,31,17.7,235,1.3,Connaught Place,Lower Parel,completed,1685.0,8.4,0.0,0.0,Excellent,6,0.5166666666666667,1.0,6.123233995736766e-17,34.258064516129025,13.276836158192092,7.580645161290323,434.45,177.0,257.45,True,7.883333333333334,183.9323467230444,250.5176532769556,235,1,235,0,0,1
TRIP121,DRV004,2024-02-06,2026-03-10 07:07:00,2026-03-10 07:26:00,19,14.2,377,1.4,Hitec City,Secunderabad,completed,1100.0,7.0,0.0,0.0,Excellent,7,0.31666666666666665,0.9659258262890683,-0.25881904510252063,44.8421052631579,26.549295774647888,19.842105263157894,938.17,199.0,739.17,True,6.683333333333334,108.17955112219451,829.9904488778054,377,1,377,0,0,1
TRIP121,DRV004,2024-02-06,2026-03-10 07:07:00,2026-03-10 07:26:00,19,14.2,377,1.4,Hitec City,Secunderabad,completed,1100.0,7.0,0.0,0.0,Excellent,7,0.31666666666666665,0.9659258262890683,-0.25881904510252063,44.8421052631579,26.549295774647888,19.842105263157894,938.17,199.0,739.17,True,6.683333333333334,108.17955112219451,829.9904488778054,377,1,377,0,0,1
TRIP121,DRV004,2024-02-06,2026-03-10 07:07:00,2026-03-10 07:26:00,19,14.2,377,1.4,Hitec City,Secunderabad,completed,1166.0,7.5,0.0,0.0,Excellent,7,0.31666666666666665,0.9659258262890683,-0.25881904510252063,44.8421052631579,26.549295774647888,19.842105263157894,938.17,199.0,739.17,True,7.183333333333334,109.83758700696055,828.3324129930394,377,1,377,0,0,1
TRIP121,DRV004,2024-02-06,2026-03-10 07:07:00,2026-03-10 07:26:00,19,14.2,377,1.4,Hitec City,Secunderabad,completed,1166.0,7.5,0.0,0.0,Excellent,7,0.31666666666666665,0.9659258262890683,-0.25881904510252063,44.8421052631579,26.549295774647888,19.842105263157894,938.17,199.0,739.17,True,7.183333333333334,109.83758700696055,828.3324129930394,377,1,377,0,0,1
TRIP122,DRV161,2024-02-06,2026-03-10 08:14:00,2026-03-10 08:36:00,22,19.2,409,1.4,Kharadi,Lower Parel,completed,1566.0,9.8,0.0,0.0,Excellent,8,0.36666666666666664,0.8660254037844387,-0.4999999999999998,52.36363636363637,21.302083333333336,18.59090909090909,232.35,189.0,43.349999999999994,True,9.433333333333334,122.65017667844522,109.69982332155477,409,1,409,0,0,1
TRIP123,DRV126,2024-02-06,2026-03-10 09:21:00,2026-03-10 09:48:00,27,13.6,180,1.5,South Delhi,Indiranagar,completed,1521.0,7.0,0.0,0.0,Excellent,9,0.45,0.7071067811865476,-0.7071067811865475,30.22222222222222,13.23529411764706,6.666666666666667,693.91,173.0,520.91,True,6.55,204.73282442748092,489.17717557251905,180,1,180,0,0,1
TRIP124,DRV084,2024-02-06,2026-03-10 10:28:00,2026-03-10 10:50:00,22,19.8,293,1.5,Kharadi,Connaught Place,completed,1693.0,7.2,0.0,0.0,Excellent,10,0.36666666666666664,0.49999999999999994,-0.8660254037844387,54.00000000000001,14.797979797979798,13.318181818181818,1082.89,187.0,895.8900000000001,True,6.833333333333334,204.87804878048777,878.0119512195123,293,1,293,0,0,1
TRIP125,DRV198,2024-02-06,2026-03-10 11:35:00,2026-03-10 11:02:00,27,14.8,422,1.0,BKC,Kharadi,completed,1285.0,9.3,0.0,0.0,Excellent,11,0.45,0.258819045102521,-0.9659258262890682,32.88888888888889,28.513513513513512,15.62962962962963,,,0.0,False,8.850000000000001,97.5141242937853,,422,1,422,0,0,0
TRIP126,DRV157,2024-02-06,2026-03-10 12:42:00,2026-03-10 12:03:00,21,14.1,351,1.1,Secunderabad,HSR Layout,completed,1530.0,7.8,0.0,0.0,Excellent,12,0.35,1.2246467991473532e-16,-1.0,40.285714285714285,24.893617021276597,16.714285714285715,317.22,200.0,117.22000000000003,True,7.45,158.25503355704697,158.96496644295306,351,1,351,0,0,1
TRIP127,DRV108,2024-02-06,2026-03-10 13:49:00,2026-03-10 13:25:00,36,17.8,321,1.2,Lower Parel,Jayanagar,completed,1138.0,8.7,0.0,0.0,Excellent,13,0.6,-0.2588190451025208,-0.9659258262890683,29.666666666666668,18.033707865168537,8.916666666666666,607.08,172.0,435.08000000000004,True,8.1,100.8641975308642,506.21580246913584,321,1,321,0,0,1
TRIP128,DRV141,2024-02-06,2026-03-10 14:56:00,2026-03-10 14:30:00,34,8.2,376,1.1,Powai,CP,completed,1327.0,9.6,0.0,0.0,Excellent,14,0.5666666666666667,-0.4999999999999997,-0.8660254037844388,14.470588235294116,45.85365853658537,11.058823529411764,91.05,172.0,-80.95,False,9.033333333333333,105.27675276752768,-14.226752767527685,376,1,376,0,0,1
TRIP129,DRV052,2024-02-06,2026-03-10 15:03:00,2026-03-10 15:33:00,30,8.5,353,1.5,Indiranagar,Koramangala,completed,1570.0,7.6,0.0,0.0,Excellent,15,0.5,-0.7071067811865471,-0.7071067811865479,17.0,41.529411764705884,11.766666666666667,340.54,203.0,137.54000000000002,True,7.1,171.40845070422537,169.13154929577465,353,1,353,0,0,1
TRIP130,DRV094,2024-02-06,2026-03-10 16:10:00,2026-03-10 16:46:00,36,16.7,370,1.4,Whitefield,Koramangala,completed,1408.0,7.9,0.0,0.0,Excellent,16,0.6,-0.8660254037844385,-0.5000000000000004,27.833333333333332,22.155688622754493,10.277777777777779,,,0.0,False,7.300000000000001,142.1917808219178,,370,1,370,0,0,0
TRIP131,DRV197,2024-02-06,2026-03-10 17:17:00,2026-03-10 17:40:00,23,10.5,180,1.4,Banjara Hills,Whitefield,completed,1319.0,9.7,0.0,0.0,Excellent,17,0.38333333333333336,-0.9659258262890683,-0.25881904510252063,27.391304347826086,17.142857142857142,7.826086956521739,331.44,169.0,162.44,True,9.316666666666666,122.25402504472272,209.1859749552773,180,1,180,0,0,1
TRIP132,DRV170,2024-02-06,2026-03-10 06:24:00,2026-03-10 06:45:00,21,13.2,149,1.0,Worli,Andheri West,completed,1624.0,7.6,0.0,0.0,Excellent,6,0.35,1.0,6.123233995736766e-17,37.714285714285715,11.287878787878789,7.095238095238095,186.44,204.0,-17.560000000000002,False,7.25,203.44827586206895,-17.008275862068956,149,1,149,0,0,1
TRIP133,DRV179,2024-02-06,2026-03-10 07:31:00,2026-03-10 07:54:00,23,15.9,375,1.4,Secunderabad,HSR Layout,completed,1760.0,7.0,0.0,0.0,Excellent,7,0.38333333333333336,0.9659258262890683,-0.25881904510252063,41.47826086956522,23.58490566037736,16.304347826086957,,,0.0,False,6.616666666666666,209.3198992443325,,375,1,375,0,0,0
TRIP134,DRV031,2024-02-06,2026-03-10 08:38:00,2026-03-10 08:15:00,37,16.7,295,1.4,Banjara Hills,Electronic City,completed,1282.0,6.6,0.0,0.0,Excellent,8,0.6166666666666667,0.8660254037844387,-0.4999999999999998,27.081081081081077,17.664670658682635,7.972972972972973,126.81,182.0,-55.19,False,5.9833333333333325,164.958217270195,-38.148217270195005,295,1,295,0,0,1
TRIP135,DRV143,2024-02-06,2026-03-10 09:45:00,2026-03-10 09:15:00,30,17.7,184,1.1,Andheri West,Goregaon,completed,1185.0,8.2,0.0,0.0,Excellent,9,0.5,0.7071067811865476,-0.7071067811865475,35.4,10.3954802259887,6.133333333333334,,,0.0,False,7.699999999999999,130.0,,184,1,184,0,0,0
TRIP136,DRV039,2024-02-06,2026-03-10 10:52:00,2026-03-10 10:13:00,21,17.8,236,1.5,Goregaon,South Delhi,completed,1524.0,7.7,0.0,0.0,Excellent,10,0.35,0.49999999999999994,-0.8660254037844387,50.85714285714286,13.258426966292134,11.238095238095237,209.31,182.0,27.310000000000002,True,7.3500000000000005,175.2380952380952,34.07190476190479,236,1,236,0,0,1
TRIP137,DRV021,2024-02-06,2026-03-10 11:59:00,2026-03-10 11:37:00,38,9.7,263,1.3,Hitec City,Marathahalli,completed,1659.0,6.5,0.0,0.0,Excellent,11,0.6333333333333333,0.258819045102521,-0.9659258262890682,15.31578947368421,27.113402061855673,6.921052631578948,222.98,171.0,51.97999999999999,True,5.866666666666667,237.95454545454544,-14.97454545454545,263,1,263,0,0,1
TRIP138,DRV127,2024-02-06,2026-03-10 12:06:00,2026-03-10 12:41:00,35,10.3,294,1.5,Bandra,South Delhi,completed,1726.0,9.8,0.0,0.0,Excellent,12,0.5833333333333334,1.2246467991473532e-16,-1.0,17.65714285714286,28.54368932038835,8.4,185.83,182.0,3.8300000000000125,True,9.216666666666667,155.37070524412297,30.45929475587704,294,1,294,0,0,1
TRIP139,DRV043,2024-02-06,2026-03-10 13:13:00,2026-03-10 13:44:00,31,8.3,225,1.5,HSR Layout,Colaba,completed,1593.0,6.6,0.0,0.0,Excellent,13,0.5166666666666667,-0.2588190451025208,-0.9659258262890683,16.064516129032256,27.108433734939755,7.258064516129032,,,0.0,False,6.083333333333333,224.87671232876713,,225,1,225,0,0,0
TRIP140,DRV086,2024-02-06,2026-03-10 14:20:00,2026-03-10 14:52:00,32,19.6,381,1.0,Gurgaon Cyber City,Hinjewadi,completed,1411.0,8.9,0.0,0.0,Excellent,14,0.5333333333333333,-0.4999999999999997,-0.8660254037844388,36.75,19.43877551020408,11.90625,93.62,202.0,-108.38,False,8.366666666666667,123.10756972111552,-29.48756972111552,381,1,381,0,0,1
TRIP141,DRV060,2024-02-06,2026-03-10 15:27:00,2026-03-10 15:52:00,25,10.4,431,1.5,Dwarka,BKC,completed,1180.0,9.9,0.0,0.0,Excellent,15,0.4166666666666667,-0.7071067811865471,-0.7071067811865479,24.96,41.44230769230769,17.24,366.06,198.0,168.06,True,9.483333333333334,78.98066783831283,287.07933216168715,431,1,431,0,0,1
TRIP142,DRV053,2024-02-06,2026-03-10 16:34:00,2026-03-10 16:02:00,28,8.1,361,1.6,South Delhi,HSR Layout,completed,1441.0,7.9,0.0,0.0,Excellent,16,0.4666666666666667,-0.8660254037844385,-0.5000000000000004,17.357142857142858,44.567901234567906,12.892857142857142,318.99,175.0,143.99,True,7.433333333333334,145.29147982062779,173.69852017937222,361,1,361,0,0,1
TRIP143,DRV042,2024-02-06,2026-03-10 17:41:00,2026-03-10 17:17:00,36,15.2,423,1.6,BKC,South Delhi,completed,1298.0,7.3,0.0,0.0,Excellent,17,0.6,-0.9659258262890683,-0.25881904510252063,25.333333333333332,27.828947368421055,11.75,209.06,205.0,4.060000000000002,True,6.7,130.59701492537314,78.46298507462686,423,1,423,0,0,1
TRIP144,DRV042,2024-02-06,2026-03-10 06:48:00,2026-03-10 06:18:00,30,13.8,442,1.4,Secunderabad,CP,completed,1298.0,7.3,0.0,0.0,Excellent,6,0.5,1.0,6.123233995736766e-17,27.6,32.028985507246375,14.733333333333333,209.06,205.0,4.060000000000002,True,6.8,125.88235294117648,83.17764705882352,442,1,442,0,0,1
TRIP145,DRV074,2024-02-06,2026-03-10 07:55:00,2026-03-10 07:28:00,33,10.8,171,1.3,Connaught Place,Hinjewadi,completed,1154.0,6.0,0.0,0.0,Excellent,7,0.55,0.9659258262890683,-0.25881904510252063,19.636363636363637,15.833333333333332,5.181818181818182,,,0.0,False,5.45,180.36697247706422,,171,1,171,0,0,0
TRIP146,DRV039,2024-02-06,2026-03-10 08:02:00,2026-03-10 08:30:00,28,14.6,277,1.5,Connaught Place,South Delhi,completed,1524.0,7.7,0.0,0.0,Excellent,8,0.4666666666666667,0.8660254037844387,-0.4999999999999998,31.285714285714285,18.972602739726028,9.892857142857142,209.31,182.0,27.310000000000002,True,7.233333333333333,172.3963133640553,36.913686635944714,277,1,277,0,0,1
TRIP147,DRV138,2024-02-06,2026-03-10 09:09:00,2026-03-10 09:30:00,21,13.9,317,1.3,Connaught Place,Andheri West,completed,1325.0,9.5,0.0,0.0,Excellent,9,0.35,0.7071067811865476,-0.7071067811865475,39.714285714285715,22.805755395683452,15.095238095238095,,,0.0,False,9.15,110.1639344262295,,317,1,317,0,0,0
TRIP148,DRV024,2024-02-06,2026-03-10 10:16:00,2026-03-10 10:39:00,23,11.5,238,1.3,Gurgaon Cyber City,Malad,completed,1487.0,8.2,0.0,0.0,Excellent,10,0.38333333333333336,0.49999999999999994,-0.8660254037844387,29.999999999999996,20.695652173913043,10.347826086956522,674.93,186.0,488.92999999999995,True,7.8166666666666655,159.78678038379533,515.1432196162046,238,1,238,0,0,1
TRIP149,DRV134,2024-02-06,2026-03-10 11:23:00,2026-03-10 11:57:00,34,10.6,313,1.6,CP,Colaba,completed,1433.0,6.9,0.0,0.0,Excellent,11,0.5666666666666667,0.258819045102521,-0.9659258262890682,18.705882352941178,29.528301886792455,9.205882352941176,33.27,174.0,-140.73,False,6.333333333333334,176.8421052631579,-143.57210526315788,313,1,313,0,0,0
TRIP150,DRV179,2024-02-06,2026-03-10 12:30:00,2026-03-10 12:02:00,32,9.6,290,1.4,Dwarka,Connaught Place,completed,1760.0,7.0,0.0,0.0,Excellent,12,0.5333333333333333,1.2246467991473532e-16,-1.0,18.0,30.208333333333336,9.0625,,,0.0,False,6.466666666666667,227.31958762886597,,290,1,290,0,0,0
TRIP151,DRV001,2024-02-06,2026-03-10 13:37:00,2026-03-10 13:15:00,38,16.8,381,1.5,Powai,Banjara Hills,completed,1400.0,8.0,0.0,0.0,Excellent,13,0.6333333333333333,-0.2588190451025208,-0.9659258262890683,26.526315789473685,22.678571428571427,10.026315789473685,518.09,172.0,346.09000000000003,True,7.366666666666667,138.32579185520362,379.7642081447964,381,1,381,0,0,1
TRIP151,DRV001,2024-02-06,2026-03-10 13:37:00,2026-03-10 13:15:00,38,16.8,381,1.5,Powai,Banjara Hills,completed,1400.0,8.0,0.0,0.0,Excellent,13,0.6333333333333333,-0.2588190451025208,-0.9659258262890683,26.526315789473685,22.678571428571427,10.026315789473685,518.09,172.0,346.09000000000003,True,7.366666666666667,138.32579185520362,379.7642081447964,381,1,381,0,0,1
TRIP151,DRV001,2024-02-06,2026-03-10 13:37:00,2026-03-10 13:15:00,38,16.8,381,1.5,Powai,Banjara Hills,completed,1331.0,8.2,0.0,0.0,Excellent,13,0.6333333333333333,-0.2588190451025208,-0.9659258262890683,26.526315789473685,22.678571428571427,10.026315789473685,518.09,172.0,346.09000000000003,True,7.566666666666666,125.55066079295155,392.5393392070485,381,1,381,0,0,1
TRIP151,DRV001,2024-02-06,2026-03-10 13:37:00,2026-03-10 13:15:00,38,16.8,381,1.5,Powai,Banjara Hills,completed,1331.0,8.2,0.0,0.0,Excellent,13,0.6333333333333333,-0.2588190451025208,-0.9659258262890683,26.526315789473685,22.678571428571427,10.026315789473685,518.09,172.0,346.09000000000003,True,7.566666666666666,125.55066079295155,392.5393392070485,381,1,381,0,0,1
TRIP152,DRV038,2024-02-06,2026-03-10 14:44:00,2026-03-10 14:08:00,24,11.4,184,1.4,Bandra,Powai,completed,1298.0,6.0,0.0,0.0,Excellent,14,0.4,-0.4999999999999997,-0.8660254037844388,28.5,16.140350877192983,7.666666666666667,,,0.0,False,5.6,198.92857142857144,,184,1,184,0,0,0
TRIP153,DRV001,2024-02-06,2026-03-10 15:51:00,2026-03-10 15:15:00,24,9.9,391,1.1,Connaught Place,South Delhi,completed,1400.0,8.0,0.0,0.0,Excellent,15,0.4,-0.7071067811865471,-0.7071067811865479,24.75,39.494949494949495,16.291666666666668,518.09,172.0,346.09000000000003,True,7.6,132.76315789473685,385.32684210526315,391,1,391,0,0,1
TRIP153,DRV001,2024-02-06,2026-03-10 15:51:00,2026-03-10 15:15:00,24,9.9,391,1.1,Connaught Place,South Delhi,completed,1400.0,8.0,0.0,0.0,Excellent,15,0.4,-0.7071067811865471,-0.7071067811865479,24.75,39.494949494949495,16.291666666666668,518.09,172.0,346.09000000000003,True,7.6,132.76315789473685,385.32684210526315,391,1,391,0,0,1
TRIP153,DRV001,2024-02-06,2026-03-10 15:51:00,2026-03-10 15:15:00,24,9.9,391,1.1,Connaught Place,South Delhi,completed,1331.0,8.2,0.0,0.0,Excellent,15,0.4,-0.7071067811865471,-0.7071067811865479,24.75,39.494949494949495,16.291666666666668,518.09,172.0,346.09000000000003,True,7.799999999999999,120.51282051282053,397.5771794871795,391,1,391,0,0,1
TRIP153,DRV001,2024-02-06,2026-03-10 15:51:00,2026-03-10 15:15:00,24,9.9,391,1.1,Connaught Place,South Delhi,completed,1331.0,8.2,0.0,0.0,Excellent,15,0.4,-0.7071067811865471,-0.7071067811865479,24.75,39.494949494949495,16.291666666666668,518.09,172.0,346.09000000000003,True,7.799999999999999,120.51282051282053,397.5771794871795,391,1,391,0,0,1
TRIP154,DRV169,2024-02-06,2026-03-10 16:58:00,2026-03-10 16:25:00,27,10.8,425,1.0,Andheri West,Electronic City,completed,1327.0,9.1,0.0,0.0,Excellent,16,0.45,-0.8660254037844385,-0.5000000000000004,24.0,39.35185185185185,15.74074074074074,215.96,186.0,29.960000000000008,True,8.65,104.27745664739884,111.68254335260117,425,1,425,0,0,1
TRIP155,DRV127,2024-02-06,2026-03-10 17:05:00,2026-03-10 17:31:00,26,12.3,221,1.1,Kharadi,BKC,completed,1726.0,9.8,0.0,0.0,Excellent,17,0.43333333333333335,-0.9659258262890683,-0.25881904510252063,28.384615384615387,17.967479674796746,8.5,185.83,182.0,3.8300000000000125,True,9.366666666666667,160.67615658362988,25.153843416370137,221,1,221,0,0,1
TRIP156,DRV048,2024-02-06,2026-03-10 06:12:00,2026-03-10 06:32:00,20,12.1,198,1.4,Worli,Viman Nagar,completed,1188.0,8.0,0.0,0.0,Excellent,6,0.3333333333333333,1.0,6.123233995736766e-17,36.300000000000004,16.363636363636363,9.9,,,0.0,False,7.666666666666667,129.1304347826087,,198,1,198,0,0,0
TRIP157,DRV156,2024-02-06,2026-03-10 07:19:00,2026-03-10 07:44:00,25,13.8,314,1.5,Jayanagar,BKC,completed,1309.0,8.1,0.0,0.0,Excellent,7,0.4166666666666667,0.9659258262890683,-0.25881904510252063,33.12,22.753623188405797,12.56,,,0.0,False,7.683333333333333,129.5010845986985,,314,1,314,0,0,0
TRIP158,DRV205,2024-02-06,2026-03-10 08:26:00,2026-03-10 08:01:00,35,11.2,217,1.5,Kharadi,Banjara Hills,completed,2000.0,8.0,0.0,0.0,Excellent,8,0.5833333333333334,0.8660254037844387,-0.4999999999999998,19.2,19.375,6.2,,,0.0,False,7.416666666666667,240.40449438202245,,217,1,217,0,0,0
TRIP159,DRV025,2024-02-06,2026-03-10 09:33:00,2026-03-10 09:54:00,21,16.5,364,1.5,CP,Jayanagar,completed,1283.0,9.1,0.0,0.0,Excellent,9,0.35,0.7071067811865476,-0.7071067811865475,47.142857142857146,22.060606060606062,17.333333333333332,129.65,176.0,-46.349999999999994,False,8.75,105.02857142857142,24.62142857142858,364,1,364,0,0,1
TRIP160,DRV068,2024-02-06,2026-03-10 10:40:00,2026-03-10 10:01:00,21,19.7,192,1.5,BKC,Kharadi,completed,1598.0,6.5,0.0,0.0,Excellent,10,0.35,0.49999999999999994,-0.8660254037844387,56.285714285714285,9.746192893401016,9.142857142857142,202.03,183.0,19.03,True,6.15,228.61788617886177,-26.587886178861766,192,1,192,0,0,1
TRIP161,DRV130,2024-02-06,2026-03-10 11:47:00,2026-03-10 11:08:00,21,10.0,200,1.5,Electronic City,Powai,completed,1585.0,8.0,0.0,0.0,Excellent,11,0.35,0.258819045102521,-0.9659258262890682,28.571428571428573,20.0,9.523809523809524,386.91,184.0,202.91000000000003,True,7.65,181.04575163398692,205.8642483660131,200,1,200,0,0,1
TRIP162,DRV193,2024-02-06,2026-03-10 12:54:00,2026-03-10 12:21:00,27,16.5,399,1.3,Worli,Bandra,completed,1198.0,9.1,0.0,0.0,Excellent,12,0.45,1.2246467991473532e-16,-1.0,36.666666666666664,24.181818181818183,14.777777777777779,,,0.0,False,8.65,92.36994219653178,,399,1,399,0,0,0
TRIP163,DRV104,2024-02-06,2026-03-10 13:01:00,2026-03-10 13:39:00,38,12.4,210,1.1,Goregaon,Gurgaon Cyber City,completed,1440.0,10.0,0.0,0.0,Excellent,13,0.6333333333333333,-0.2588190451025208,-0.9659258262890683,19.578947368421055,16.93548387096774,5.526315789473684,98.82,189.0,-90.18,False,9.366666666666667,131.31672597864767,-32.496725978647675,210,1,210,0,0,1
TRIP164,DRV017,2024-02-06,2026-03-10 14:08:00,2026-03-10 14:39:00,31,17.2,143,1.1,Marathahalli,South Delhi,completed,1567.0,9.3,0.0,0.0,Excellent,14,0.5166666666666667,-0.4999999999999997,-0.8660254037844388,33.29032258064515,8.313953488372093,4.612903225806452,,,0.0,False,8.783333333333333,162.12523719165085,,143,1,143,0,0,0
TRIP165,DRV203,2024-02-06,2026-03-10 15:15:00,2026-03-10 15:43:00,28,11.4,227,1.1,Electronic City,Colaba,completed,2000.0,8.0,0.0,0.0,Excellent,15,0.4666666666666667,-0.7071067811865471,-0.7071067811865479,24.42857142857143,19.912280701754387,8.107142857142858,,,0.0,False,7.533333333333333,235.35398230088495,,227,1,227,0,0,0
TRIP166,DRV193,2024-02-06,2026-03-10 16:22:00,2026-03-10 16:53:00,31,12.3,265,1.1,Jayanagar,Kharadi,completed,1198.0,9.1,0.0,0.0,Excellent,16,0.5166666666666667,-0.8660254037844385,-0.5000000000000004,23.806451612903224,21.54471544715447,8.548387096774194,,,0.0,False,8.583333333333332,108.6990291262136,,265,1,265,0,0,0
TRIP167,DRV118,2024-02-06,2026-03-10 17:29:00,2026-03-10 17:00:00,31,17.4,210,1.5,Connaught Place,Gurgaon Cyber City,completed,1146.0,7.0,0.0,0.0,Excellent,17,0.5166666666666667,-0.9659258262890683,-0.25881904510252063,33.677419354838705,12.06896551724138,6.774193548387097,208.16,181.0,27.159999999999997,True,6.483333333333333,144.37017994858613,63.78982005141387,210,1,210,0,0,1
TRIP168,DRV107,2024-02-06,2026-03-10 06:36:00,2026-03-10 06:10:00,34,17.5,325,1.6,Gurgaon Cyber City,Bandra,completed,1172.0,8.3,0.0,0.0,Excellent,6,0.5666666666666667,1.0,6.123233995736766e-17,30.88235294117647,18.571428571428573,9.558823529411764,340.71,183.0,157.70999999999998,True,7.733333333333334,109.52586206896551,231.18413793103446,325,1,325,0,0,1
TRIP169,DRV047,2024-02-06,2026-03-10 07:43:00,2026-03-10 07:01:00,18,16.6,404,1.6,Lower Parel,Koramangala,completed,1219.0,9.5,0.0,0.0,Excellent,7,0.3,0.9659258262890683,-0.25881904510252063,55.33333333333334,24.33734939759036,22.444444444444443,54.0,184.0,-130.0,False,9.2,88.58695652173914,-34.58695652173914,404,1,404,0,0,1
TRIP170,DRV063,2024-02-06,2026-03-10 08:50:00,2026-03-10 08:18:00,28,12.8,224,1.3,Dwarka,Jayanagar,completed,1564.0,8.0,0.0,0.0,Excellent,8,0.4666666666666667,0.8660254037844387,-0.4999999999999998,27.42857142857143,17.5,8.0,,,0.0,False,7.533333333333333,177.87610619469027,,224,1,224,0,0,0
TRIP171,DRV048,2024-02-06,2026-03-10 09:57:00,2026-03-10 09:16:00,19,15.9,217,1.5,BKC,Hitec City,completed,1188.0,8.0,0.0,0.0,Excellent,9,0.31666666666666665,0.7071067811865476,-0.7071067811865475,50.21052631578948,13.647798742138365,11.421052631578947,,,0.0,False,7.683333333333334,126.37744034707158,,217,1,217,0,0,0
TRIP172,DRV007,2024-02-06,2026-03-10 10:04:00,2026-03-10 10:38:00,34,19.7,354,1.2,Secunderabad,Colaba,completed,1200.0,7.0,0.0,0.0,Excellent,10,0.5666666666666667,0.49999999999999994,-0.8660254037844387,34.76470588235294,17.96954314720812,10.411764705882353,298.13,173.0,125.13,True,6.433333333333334,131.50259067357513,166.62740932642487,354,1,354,0,0,1
TRIP172,DRV007,2024-02-06,2026-03-10 10:04:00,2026-03-10 10:38:00,34,19.7,354,1.2,Secunderabad,Colaba,completed,1200.0,7.0,0.0,0.0,Excellent,10,0.5666666666666667,0.49999999999999994,-0.8660254037844387,34.76470588235294,17.96954314720812,10.411764705882353,298.13,173.0,125.13,True,6.433333333333334,131.50259067357513,166.62740932642487,354,1,354,0,0,1
TRIP172,DRV007,2024-02-06,2026-03-10 10:04:00,2026-03-10 10:38:00,34,19.7,354,1.2,Secunderabad,Colaba,completed,1609.0,6.9,0.0,0.0,Excellent,10,0.5666666666666667,0.49999999999999994,-0.8660254037844387,34.76470588235294,17.96954314720812,10.411764705882353,298.13,173.0,125.13,True,6.333333333333334,198.15789473684208,99.97210526315791,354,1,354,0,0,1
TRIP172,DRV007,2024-02-06,2026-03-10 10:04:00,2026-03-10 10:38:00,34,19.7,354,1.2,Secunderabad,Colaba,completed,1609.0,6.9,0.0,0.0,Excellent,10,0.5666666666666667,0.49999999999999994,-0.8660254037844387,34.76470588235294,17.96954314720812,10.411764705882353,298.13,173.0,125.13,True,6.333333333333334,198.15789473684208,99.97210526315791,354,1,354,0,0,1
TRIP173,DRV096,2024-02-06,2026-03-10 11:11:00,2026-03-10 11:46:00,35,18.5,300,1.5,Andheri West,CP,completed,1199.0,9.7,0.0,0.0,Excellent,11,0.5833333333333334,0.258819045102521,-0.9659258262890682,31.71428571428571,16.216216216216218,8.571428571428571,271.05,175.0,96.05000000000001,True,9.116666666666665,98.61060329067644,172.43939670932357,300,1,300,0,0,1
TRIP174,DRV085,2024-02-06,2026-03-10 12:18:00,2026-03-10 12:44:00,26,18.8,215,1.4,Gurgaon Cyber City,Hitec City,completed,1580.0,8.3,0.0,0.0,Excellent,12,0.43333333333333335,1.2246467991473532e-16,-1.0,43.38461538461539,11.436170212765957,8.26923076923077,74.79,189.0,-114.21,False,7.866666666666667,173.51694915254237,-98.72694915254236,215,1,215,0,0,0
TRIP175,DRV046,2024-02-06,2026-03-10 13:25:00,2026-03-10 13:49:00,24,18.7,366,1.4,Marathahalli,Hitec City,completed,1447.0,9.9,0.0,0.0,Excellent,13,0.4,-0.2588190451025208,-0.9659258262890683,46.74999999999999,19.572192513368986,15.25,,,0.0,False,9.5,113.78947368421052,,366,1,366,0,0,0
TRIP176,DRV102,2024-02-06,2026-03-10 14:32:00,2026-03-10 14:02:00,30,17.3,294,1.1,Viman Nagar,Koramangala,completed,1213.0,8.8,0.0,0.0,Excellent,14,0.5,-0.4999999999999997,-0.8660254037844388,34.6,16.99421965317919,9.8,499.62,177.0,322.62,True,8.3,110.72289156626505,388.89710843373496,294,1,294,0,0,1
TRIP177,DRV046,2024-02-06,2026-03-10 15:39:00,2026-03-10 15:09:00,30,16.7,204,1.3,Viman Nagar,Indiranagar,completed,1447.0,9.9,0.0,0.0,Excellent,15,0.5,-0.7071067811865471,-0.7071067811865479,33.4,12.21556886227545,6.8,,,0.0,False,9.4,132.23404255319147,,204,1,204,0,0,0
TRIP178,DRV046,2024-02-06,2026-03-10 16:46:00,2026-03-10 16:10:00,24,9.1,422,1.2,Koramangala,Jayanagar,completed,1447.0,9.9,0.0,0.0,Excellent,16,0.4,-0.8660254037844385,-0.5000000000000004,22.749999999999996,46.37362637362637,17.583333333333332,,,0.0,False,9.5,107.89473684210526,,422,1,422,0,0,0
TRIP179,DRV147,2024-02-06,2026-03-10 17:53:00,2026-03-10 17:31:00,38,9.9,154,1.5,Viman Nagar,Hinjewadi,completed,1643.0,6.1,0.0,0.0,Excellent,17,0.6333333333333333,-0.9659258262890683,-0.25881904510252063,15.631578947368423,15.555555555555555,4.052631578947368,263.64,175.0,88.63999999999999,True,5.466666666666667,272.3780487804878,-8.738048780487816,154,1,154,0,0,1
TRIP180,DRV175,2024-02-06,2026-03-10 06:00:00,2026-03-10 06:26:00,26,10.9,295,1.4,Kharadi,Worli,completed,1484.0,6.4,0.0,0.0,Excellent,6,0.43333333333333335,1.0,6.123233995736766e-17,25.153846153846153,27.06422018348624,11.346153846153847,295.14,190.0,105.13999999999999,True,5.966666666666667,199.27374301675977,95.86625698324022,295,1,295,0,0,1
TRIP181,DRV133,2024-02-06,2026-03-10 07:07:00,2026-03-10 07:26:00,19,18.1,272,1.4,Electronic City,Worli,completed,1706.0,8.3,0.0,0.0,Excellent,7,0.31666666666666665,0.9659258262890683,-0.25881904510252063,57.15789473684211,15.027624309392264,14.31578947368421,453.65,196.0,257.65,True,7.983333333333334,179.6242171189979,274.0257828810021,272,1,272,0,0,1
TRIP182,DRV064,2024-02-06,2026-03-10 08:14:00,2026-03-10 08:33:00,19,17.1,203,1.3,Hinjewadi,HSR Layout,completed,1389.0,9.1,0.0,0.0,Excellent,8,0.31666666666666665,0.8660254037844387,-0.4999999999999998,54.00000000000001,11.871345029239766,10.68421052631579,1173.66,193.0,980.6600000000001,True,8.783333333333333,135.02846299810247,1038.6315370018976,203,1,203,0,0,1
TRIP183,DRV106,2024-02-06,2026-03-10 09:21:00,2026-03-10 09:39:00,18,13.4,260,1.5,Hinjewadi,Colaba,completed,1323.0,8.5,0.0,0.0,Excellent,9,0.3,0.7071067811865476,-0.7071067811865475,44.66666666666667,19.402985074626866,14.444444444444445,,,0.0,False,8.2,129.63414634146343,,260,1,260,0,0,0
TRIP184,DRV132,2024-02-06,2026-03-10 10:28:00,2026-03-10 10:06:00,38,16.0,444,1.1,Indiranagar,Secunderabad,completed,1650.0,6.7,0.0,0.0,Excellent,10,0.6333333333333333,0.49999999999999994,-0.8660254037844387,25.263157894736842,27.75,11.68421052631579,114.43,190.0,-75.57,False,6.066666666666666,198.7912087912088,-84.36120879120878,444,1,444,0,0,0
TRIP185,DRV178,2024-02-06,2026-03-10 11:35:00,2026-03-10 11:11:00,36,16.1,333,1.3,Malad,Worli,completed,1257.0,7.1,0.0,0.0,Excellent,11,0.6,0.258819045102521,-0.9659258262890682,26.833333333333336,20.683229813664596,9.25,,,0.0,False,6.5,142.15384615384616,,333,1,333,0,0,0
TRIP186,DRV107,2024-02-06,2026-03-10 12:42:00,2026-03-10 12:10:00,28,14.2,238,1.5,Electronic City,Gurgaon Cyber City,completed,1172.0,8.3,0.0,0.0,Excellent,12,0.4666666666666667,1.2246467991473532e-16,-1.0,30.428571428571427,16.760563380281692,8.5,340.71,183.0,157.70999999999998,True,7.833333333333334,119.23404255319149,221.47595744680848,238,1,238,0,0,1
TRIP187,DRV084,2024-02-06,2026-03-10 13:49:00,2026-03-10 13:10:00,21,9.8,357,1.5,Lower Parel,BKC,completed,1693.0,7.2,0.0,0.0,Excellent,13,0.35,-0.2588190451025208,-0.9659258262890683,28.000000000000004,36.42857142857142,17.0,1082.89,187.0,895.8900000000001,True,6.8500000000000005,195.03649635036496,887.8535036496352,357,1,357,0,0,1
TRIP188,DRV031,2024-02-06,2026-03-10 14:56:00,2026-03-10 14:27:00,31,18.7,383,1.1,Lower Parel,Electronic City,completed,1282.0,6.6,0.0,0.0,Excellent,14,0.5166666666666667,-0.4999999999999997,-0.8660254037844388,36.19354838709677,20.481283422459892,12.35483870967742,126.81,182.0,-55.19,False,6.083333333333333,147.78082191780823,-20.970821917808223,383,1,383,0,0,1
TRIP189,DRV018,2024-02-06,2026-03-10 15:03:00,2026-03-10 15:37:00,34,12.8,426,1.3,Dwarka,Whitefield,completed,1671.0,7.5,0.0,0.0,Excellent,15,0.5666666666666667,-0.7071067811865471,-0.7071067811865479,22.58823529411765,33.28125,12.529411764705882,269.19,175.0,94.19,True,6.933333333333334,179.56730769230768,89.62269230769232,426,1,426,0,0,1
TRIP190,DRV165,2024-02-06,2026-03-10 16:10:00,2026-03-10 16:46:00,36,14.0,356,1.6,Colaba,South Delhi,completed,1248.0,9.8,0.0,0.0,Excellent,16,0.6,-0.8660254037844385,-0.5000000000000004,23.333333333333336,25.428571428571427,9.88888888888889,,,0.0,False,9.200000000000001,96.95652173913042,,356,1,356,0,0,0
TRIP191,DRV118,2024-02-06,2026-03-10 17:17:00,2026-03-10 17:48:00,31,17.9,213,1.3,South Delhi,Colaba,completed,1146.0,7.0,0.0,0.0,Excellent,17,0.5166666666666667,-0.9659258262890683,-0.25881904510252063,34.64516129032258,11.899441340782124,6.870967741935484,208.16,181.0,27.159999999999997,True,6.483333333333333,143.90745501285346,64.25254498714654,213,1,213,0,0,1
TRIP192,DRV191,2024-02-06,2026-03-10 06:24:00,2026-03-10 06:56:00,32,9.6,402,1.5,Worli,Colaba,completed,1179.0,6.1,0.0,0.0,Excellent,6,0.5333333333333333,1.0,6.123233995736766e-17,18.0,41.875,12.5625,821.43,205.0,616.43,True,5.566666666666666,139.5808383233533,681.8491616766466,402,1,402,0,0,1
TRIP193,DRV050,2024-02-06,2026-03-10 07:31:00,2026-03-10 07:55:00,24,13.5,156,1.4,Viman Nagar,Electronic City,completed,1612.0,6.6,0.0,0.0,Excellent,7,0.4,0.9659258262890683,-0.25881904510252063,33.75,11.555555555555555,6.5,221.99,173.0,48.99000000000001,True,6.199999999999999,234.8387096774194,-12.848709677419379,156,1,156,0,0,1
TRIP194,DRV161,2024-02-06,2026-03-10 08:38:00,2026-03-10 08:59:00,21,15.2,349,1.1,Electronic City,Hinjewadi,completed,1566.0,9.8,0.0,0.0,Excellent,8,0.35,0.8660254037844387,-0.4999999999999998,43.42857142857143,22.960526315789476,16.61904761904762,232.35,189.0,43.349999999999994,True,9.450000000000001,128.78306878306876,103.56693121693124,349,1,349,0,0,1
TRIP195,DRV160,2024-02-06,2026-03-10 09:45:00,2026-03-10 09:12:00,27,8.5,218,1.1,Indiranagar,Electronic City,completed,1275.0,9.2,0.0,0.0,Excellent,9,0.45,0.7071067811865476,-0.7071067811865475,18.88888888888889,25.647058823529413,8.074074074074074,949.24,193.0,756.24,True,8.75,120.8,828.44,218,1,218,0,0,1
TRIP196,DRV147,2024-02-06,2026-03-10 10:52:00,2026-03-10 10:19:00,27,11.5,154,1.5,Bandra,Marathahalli,completed,1643.0,6.1,0.0,0.0,Excellent,10,0.45,0.49999999999999994,-0.8660254037844387,25.555555555555554,13.391304347826088,5.703703703703703,263.64,175.0,88.63999999999999,True,5.6499999999999995,263.53982300884957,0.10017699115041978,154,1,154,0,0,1
TRIP197,DRV052,2024-02-06,2026-03-10 11:59:00,2026-03-10 11:35:00,36,13.1,296,1.5,Goregaon,Powai,completed,1570.0,7.6,0.0,0.0,Excellent,11,0.6,0.258819045102521,-0.9659258262890682,21.833333333333332,22.595419847328245,8.222222222222221,340.54,203.0,137.54000000000002,True,7.0,182.0,158.54000000000002,296,1,296,0,0,1
TRIP198,DRV192,2024-02-06,2026-03-10 12:06:00,2026-03-10 12:39:00,33,8.0,420,1.2,BKC,Connaught Place,completed,1707.0,6.2,0.0,0.0,Excellent,12,0.55,1.2246467991473532e-16,-1.0,14.545454545454545,52.5,12.727272727272727,295.65,175.0,120.64999999999998,True,5.65,227.787610619469,67.86238938053097,420,1,420,0,0,1
TRIP199,DRV035,2024-02-06,2026-03-10 13:13:00,2026-03-10 13:46:00,33,14.9,429,1.3,Koramangala,Marathahalli,completed,1744.0,8.1,0.0,0.0,Excellent,13,0.55,-0.2588190451025208,-0.9659258262890683,27.09090909090909,28.79194630872483,13.0,823.9,167.0,656.9,True,7.55,174.17218543046357,649.7278145695363,429,1,429,0,0,1
TRIP200,DRV136,2024-02-06,2026-03-10 14:20:00,2026-03-10 14:50:00,30,13.7,450,1.1,Bandra,Kharadi,completed,1239.0,7.8,0.0,0.0,Excellent,14,0.5,-0.4999999999999997,-0.8660254037844388,27.4,32.846715328467155,15.0,793.12,179.0,614.12,True,7.3,108.08219178082192,685.037808219178,450,1,450,0,0,1
TRIP201,DRV060,2024-02-06,2026-03-10 15:27:00,2026-03-10 15:05:00,38,13.5,370,1.4,Bandra,HSR Layout,completed,1180.0,9.9,0.0,0.0,Excellent,15,0.6333333333333333,-0.7071067811865471,-0.7071067811865479,21.315789473684212,27.40740740740741,9.736842105263158,366.06,198.0,168.06,True,9.266666666666667,87.41007194244604,278.64992805755395,370,1,370,0,0,1
TRIP202,DRV085,2024-02-06,2026-03-10 16:34:00,2026-03-10 16:02:00,28,9.1,349,1.2,Dwarka,Koramangala,completed,1580.0,8.3,0.0,0.0,Excellent,16,0.4666666666666667,-0.8660254037844385,-0.5000000000000004,19.5,38.35164835164835,12.464285714285714,74.79,189.0,-114.21,False,7.833333333333334,157.14893617021275,-82.35893617021274,349,1,349,0,0,0
TRIP203,DRV146,2024-02-06,2026-03-10 17:41:00,2026-03-10 17:16:00,35,8.5,366,1.4,Hitec City,Lower Parel,completed,1741.0,7.9,0.0,0.0,Excellent,17,0.5833333333333334,-0.9659258262890683,-0.25881904510252063,14.571428571428571,43.05882352941177,10.457142857142857,250.6,174.0,76.6,True,7.316666666666667,187.9271070615034,62.6728929384966,366,1,366,0,0,1
TRIP204,DRV075,2024-02-06,2026-03-10 06:48:00,2026-03-10 06:11:00,23,16.5,432,1.4,Jayanagar,Colaba,completed,1340.0,7.7,0.0,0.0,Excellent,6,0.38333333333333336,1.0,6.123233995736766e-17,43.04347826086956,26.181818181818183,18.782608695652176,,,0.0,False,7.316666666666666,124.10022779043281,,432,1,432,0,0,0
TRIP205,DRV033,2024-02-06,2026-03-10 07:55:00,2026-03-10 07:22:00,27,14.7,203,1.4,Lower Parel,Goregaon,completed,1169.0,9.0,0.0,0.0,Excellent,7,0.45,0.9659258262890683,-0.25881904510252063,32.666666666666664,13.80952380952381,7.518518518518518,125.52,181.0,-55.480000000000004,False,8.55,112.98245614035086,12.537543859649134,203,1,203,0,0,1
TRIP206,DRV138,2024-02-06,2026-03-10 08:02:00,2026-03-10 08:39:00,37,14.5,167,1.6,Kharadi,Goregaon,completed,1325.0,9.5,0.0,0.0,Excellent,8,0.6166666666666667,0.8660254037844387,-0.4999999999999998,23.513513513513512,11.517241379310345,4.513513513513513,,,0.0,False,8.883333333333333,130.35647279549718,,167,1,167,0,0,0
TRIP207,DRV131,2024-02-06,2026-03-10 09:09:00,2026-03-10 09:42:00,33,14.0,149,1.1,Viman Nagar,Powai,completed,1545.0,7.0,0.0,0.0,Excellent,9,0.55,0.7071067811865476,-0.7071067811865475,25.454545454545453,10.642857142857142,4.515151515151516,,,0.0,False,6.45,216.43410852713177,,149,1,149,0,0,0
TRIP208,DRV178,2024-02-06,2026-03-10 10:16:00,2026-03-10 10:34:00,18,11.3,245,1.1,Colaba,CP,completed,1257.0,7.1,0.0,0.0,Excellent,10,0.3,0.49999999999999994,-0.8660254037844387,37.66666666666667,21.68141592920354,13.61111111111111,,,0.0,False,6.8,148.8235294117647,,245,1,245,0,0,0
TRIP209,DRV198,2024-02-06,2026-03-10 11:23:00,2026-03-10 11:59:00,36,13.3,413,1.4,Dwarka,Hinjewadi,completed,1285.0,9.3,0.0,0.0,Excellent,11,0.6,0.258819045102521,-0.9659258262890682,22.166666666666668,31.052631578947366,11.472222222222221,,,0.0,False,8.700000000000001,100.22988505747125,,413,1,413,0,0,0
TRIP210,DRV172,2024-02-06,2026-03-10 12:30:00,2026-03-10 12:49:00,19,13.9,151,1.2,Powai,Connaught Place,completed,1415.0,9.9,0.0,0.0,Excellent,12,0.31666666666666665,1.2246467991473532e-16,-1.0,43.89473684210527,10.863309352517986,7.947368421052632,,,0.0,False,9.583333333333334,131.89565217391305,,151,1,151,0,0,0
TRIP211,DRV205,2024-02-06,2026-03-10 13:37:00,2026-03-10 13:55:00,18,18.3,302,1.2,Lower Parel,Worli,completed,2000.0,8.0,0.0,0.0,Excellent,13,0.3,-0.2588190451025208,-0.9659258262890683,61.00000000000001,16.502732240437158,16.77777777777778,,,0.0,False,7.7,220.5194805194805,,302,1,302,0,0,0
TRIP212,DRV016,2024-02-06,2026-03-10 14:44:00,2026-03-10 14:05:00,21,14.5,286,1.1,Whitefield,Jayanagar,completed,1685.0,8.4,0.0,0.0,Excellent,14,0.35,-0.4999999999999997,-0.8660254037844388,41.42857142857143,19.724137931034484,13.619047619047619,434.45,177.0,257.45,True,8.05,173.78881987577637,260.6611801242236,286,1,286,0,0,1
TRIP213,DRV067,2024-02-06,2026-03-10 15:51:00,2026-03-10 15:11:00,20,9.9,348,1.4,BKC,Banjara Hills,completed,1680.0,9.1,0.0,0.0,Excellent,15,0.3333333333333333,-0.7071067811865471,-0.7071067811865479,29.700000000000003,35.15151515151515,17.4,1801.79,181.0,1620.79,True,8.766666666666666,151.93916349809888,1649.850836501901,348,1,348,0,0,1
TRIP214,DRV199,2024-02-06,2026-03-10 16:58:00,2026-03-10 16:26:00,28,10.2,169,1.2,Worli,Koramangala,completed,1226.0,7.9,0.0,0.0,Excellent,16,0.4666666666666667,-0.8660254037844385,-0.5000000000000004,21.857142857142854,16.568627450980394,6.035714285714286,,,0.0,False,7.433333333333334,142.19730941704034,,169,1,169,0,0,0
TRIP215,DRV110,2024-02-06,2026-03-10 17:05:00,2026-03-10 17:27:00,22,13.0,305,1.2,CP,Worli,completed,1593.0,6.5,0.0,0.0,Excellent,17,0.36666666666666664,-0.9659258262890683,-0.25881904510252063,35.45454545454546,23.46153846153846,13.863636363636363,,,0.0,False,6.133333333333334,210.0,,305,1,305,0,0,0
TRIP216,DRV012,2024-02-06,2026-03-10 06:12:00,2026-03-10 06:31:00,19,10.4,445,1.4,South Delhi,Kharadi,completed,1719.0,7.9,0.0,0.0,Excellent,6,0.31666666666666665,1.0,6.123233995736766e-17,32.8421052631579,42.78846153846154,23.42105263157895,2310.75,165.0,2145.75,True,7.583333333333334,168.0,2142.75,445,1,445,0,0,1
TRIP217,DRV094,2024-02-06,2026-03-10 07:19:00,2026-03-10 07:53:00,34,12.6,198,1.2,Koramangala,Gurgaon Cyber City,completed,1408.0,7.9,0.0,0.0,Excellent,7,0.5666666666666667,0.9659258262890683,-0.25881904510252063,22.235294117647058,15.714285714285715,5.823529411764706,,,0.0,False,7.333333333333334,165.0,,198,1,198,0,0,0
TRIP218,DRV205,2024-02-06,2026-03-10 08:26:00,2026-03-10 08:01:00,35,12.9,387,1.0,Hitec City,Malad,completed,2000.0,8.0,0.0,0.0,Excellent,8,0.5833333333333334,0.8660254037844387,-0.4999999999999998,22.114285714285714,30.0,11.057142857142857,,,0.0,False,7.416666666666667,217.48314606741573,,387,1,387,0,0,0
TRIP219,DRV133,2024-02-06,2026-03-10 09:33:00,2026-03-10 09:51:00,18,11.2,440,1.4,Malad,Jayanagar,completed,1706.0,8.3,0.0,0.0,Excellent,9,0.3,0.7071067811865476,-0.7071067811865475,37.333333333333336,39.285714285714285,24.444444444444443,453.65,196.0,257.65,True,8.0,158.25,295.4,440,1,440,0,0,1
TRIP220,DRV138,2024-02-06,2026-03-10 10:40:00,2026-03-10 10:15:00,35,15.8,204,1.2,Connaught Place,Gurgaon Cyber City,completed,1325.0,9.5,0.0,0.0,Excellent,10,0.5833333333333334,0.49999999999999994,-0.8660254037844387,27.085714285714285,12.91139240506329,5.828571428571428,,,0.0,False,8.916666666666666,125.71962616822431,,204,1,204,0,0,0
